Product Name,MRP,Price,Star Ratings,No. of Ratings,Sales
"STITCHNEST Unique Cute Elephant Cartoon Blue Printed Canvas Cotton Cushion Covers, Set of 5 (16 x 16 Inches)",999,379,4.4,4284,1000
"ACN Kohinoor | Macrame Cushion Cover 16 X 16 Inch Handmade Soft Boho Cotton Pillow Case For Sofa Set Bed Living Room Bedroom In Premium Canvas Fabric With Back Zipper, Off-White, 1-Piece, 1 tc",1199,349,4.1,149,300+ bought in past month
"Kaahira Handmade Cotton Macrame Cushion Pillow Cover Boho Home Decor Abstract Pattern 16 X 16 Inch In Off White Color - 1 Pcs, 1 tc",1289,349,4,410,400+ bought in past month
"AEROHAVEN Premium Set of 5 Geometric Cotton Digital Printed Hand Stitched Throw Pillow/Cushion Covers - (Off-White, 16 x 16 Inch)",999,486,4.2,239,200+ bought in past month
Brick Home Floral Printed Poly Cotton Cushion Covers Set of 5 (16 X 16 Inches),999,549,4.2,902,200+ bought in past month
"AEROHAVEN Set of 5 Designer Decorative Throw Pillow/Cushion Covers - CC122 - (16 inch x 16 inch, Multicolour)(Polyester;Polyester Blend)",899,449,4.3,6588,300+ bought in past month
"CIDIZY Jute Floral Print Cushion Covers, 16 X 16 Inch, Set Of 7, Multicolor, 200 tc",1399,499,4.3,146,100+ bought in past month
"DECOMIZER Jacquard Weaved Geomteric Cushion Covers 16 Inch X 16 Inch Set Of 5 Ethnic Motifs Cushion Covers,Design- Star,Color- Beige, 240 tc",1999,540,4.3,777,100+ bought in past month
"The Purple Tree Ethnic Printed Jute Cushion Covers (16X16 Inch) Pack Of 2(Jute, Lr149)",499,349,4.1,704,100+ bought in past month
"AEROHAVEN™ Set of 5 Designer Decorative Throw Pillow/Cushion Covers - (Multi, 16 x 16 inch)",699,399,4,908,50+ bought in past month
"Gifts Island Set Of 5 Cream & Beige Polyester Silk Gold-Tone Striped Square Cushion Covers 16 Inch X 16 Inch (40.64 X 40.64 Cm, Cream), 350 TC",999,569,4.3,113,100+ bought in past month
"AEROHAVEN Decorative Hand Made Jute 150TC Throw/Pillow Cushion Covers (Multicolour, 12 x 12 inches) -Set of 5",799,257,4,11042,300+ bought in past month
"STITCHNEST Geometric Black and White Printed Poly Cotton Square Cushion Cover, 16x16 Inches, Set of 5",999,369,4.1,2895,50+ bought in past month
"STITCHNEST Ethnic Motifs Printed Poly Cotton Cushion Covers, Set of 5 (16 X 16 Inches)(Multi)",999,309,4,379,100+ bought in past month
"AEROHAVEN Set Of 5 Abstract Decorative Hand Made Jute Throw/Pillow Cushion Covers - (Multicolor, 16 Inch X 16 Inch)",999,275,4.1,3598,400+ bought in past month
AEROHAVEN Set Of 5 Multi Colored Decorative Throw Hand Made Velvet Cushion Covers - Cc60 - (16 X 16 Or 40Cm X 40Cm),999,275,4.2,2382,400+ bought in past month
"STITCHNEST Cotton 100TC Cushion Cover, 16 x 16 Inches, Yellow, Set of 5",999,469,4.3,505,100+ bought in past month
"AEROHAVEN Velvet 250TC Cushion Cover, 16 x 16 Inch, Multicolour, Set of 5",799,314,4,1415,50+ bought in past month
"Vendola Microfiber Satin 250TC Sofa Cushion Pillow Covers, Multicolor, Set of 5 (16X16 Inches, Kojo)",1999,459,4.3,223,100+ bought in past month
STITCHNEST Cat Printed Cushion Cover (16x16-inch) - Set of 2,999,279,4.3,736,50+ bought in past month
"HOMEMONDE Cotton Cushion Cover 16 X 16 Inches - Set Of 2 Quatrefoil Pattern Sofa Pillow Covers, Yellow, 250 TC",649,299,4.3,598,
"Brizberry® Designer Decorative Satin Kusan Throw Pillow, Both Double Side Printing, Cushion Covers 16 inch x 16 inch, Set of 5, Leaf (Design 15)",1199,599,4.3,36,50+ bought in past month
"Yellow Weaves Soft Velvet Fabric Cushion Cover 16 X 16 Inches, Set of 5, (Teal Blue), 250 TC",1099,649,4.1,771,
"AEROHAVEN Set Of 5 Decorative Hand Made Velvet Throw/Pillow Cushion Covers - Cc-38 (Multicolor, 16 Inch X 16 Inch)",999,356,4.3,3321,
"STITCHNEST Beige Geometrical Ikat Ethnic Printed Poly Cotton Cushion Covers, Beige Set of 5 (16 x 16 Inches)",999,469,4.3,201,100+ bought in past month
"AEROHAVEN Jute 180TC Cushion Covers, 16x16 inches, Multicolour, Set of 5 Pieces",999,275,4,778,
"Amazon Brand - Umi Satin 250TC Cushion Pillow Covers, Multicolor, Set of 5 (16X16 Inches, Owl & Elephants)",1999,499,4.3,743,400+ bought in past month
AEROHAVEN Set of 5 Multi Colored Decorative Hand Made Jute Cushion Covers - CC14 - (12 Inch x 12 Inch),799,263,4.2,2926,50+ bought in past month
"Awani Trends Cushion Cover|Sofa Cushion Cover|Sofa, Living Room, Office Diwali Decoration|Flower Printed Sparkle Velvet Sofa Cushion Cover (16X16 Inch, Pack Of 5) - Cream Color - 100 Tc",999,599,4,187,
"Vendola Vivid Decorative Printed Satin Cushion/Throw/Pillow Covers (Multicolour) Set of 5 Pieces (16X16 Inches, Raja Rani), Solid, 250 threads",1999,459,4.3,250,50+ bought in past month
"BLOCKS OF INDIA Hand Block Printed Cotton Cushion Cover (16 X 16 Inches) (5, Peach Paisley), 250 TC",1999,699,4.2,709,100+ bought in past month
"Amazon Brand Umi Unique Cute Elephant Cartoon Blue Printed Jute Cushion Covers, Set Of 5 (16 X 16 Inches), 200 TC",2499,429,4.3,1188,
"Brizberry® Designer Blue Peacock Ethnic Decorative Premium Poly Cotton Throw Pillow Cushion Covers, Double Both, Set of 5 (16 inch x 16 inch) (Design 42)",1199,599,4.2,31,
"CIDIZY Beige Cream Velvet Cushion Covers, 16x16 Inch, Set of 5",1399,399,3.9,691,
"STITCHNEST Quirky Animals Printed Jute Cushion Cover, 16x16 Inches, Set of 5",999,319,4,1342,
"Yellow Weaves Jute Texture Cushion Covers, 16 X 16 Inches, Beige, Set Of 5(Jute)",749,589,4.2,2322,100+ bought in past month
"PINK PARROT Dupion Silk 150TC Cushion Cover, 16x16 Inch, Multicolour, Set of 5",1299,429,4.3,4508,50+ bought in past month
"Amazon Brand – Umi. Multicolor Floral Printed Poly Cotton Cushion Covers, Set of 5 (16 x 16 Inches)",999,499,4.2,797,50+ bought in past month
"CIDIZY Jute Floral Tree Printed Cushion Covers, 16X16 Inch, Multicolour, Set of 5",1399,399,4,4772,300+ bought in past month
"aRDENMEAD Set Of 2 Decorative Hand Made Throw/Pillow Cushion Covers. Cotton Cushion Cover Set For You Sofa,Living Room (16 X 16 Inches | 40 X 40 Cm, Yellow), 210 TC",999,683,4.3,334,
"STITCHNEST Poly Cotton 180 TC Cushion Cover, 12 x 12 Inch, Multicolour, 5 Pieces",999,379,4.3,2064,
"AEROHAVEN™ Set of 5 Decorative Hand Made Velvet Throw/Pillow Cushion Covers - CC-44 - (Sea Green, 16 Inch x 16 Inch)",999,311,4.1,647,
Clasiko Cotton Cushion Covers Set of 5; 16X16 in; Multicolor Flowers,2295,"1,199",4.1,190,100+ bought in past month
"HOMEMONDE Quilted 16 X 16 Inches Soft Throw Cushion Cover - Pack Of 2 Jaipuri Hand Block Print Cotton Pillow Covers, Pink, 300 TC",999,549,4.6,220,100+ bought in past month
"Sirhana Decorative Printed Satin Cushion/Throw/Pillow Covers, Multicolor, Set Of 5 Pieces (16X16 Inches, Amber), 250 TC",1999,559,4.2,220,
"aRDENMEAD Set of 2 Decorative Cottonthrow/Pillow Cushion Covers with Terry Embroidery.Set for Your Sofa,Living Room (16 X 16 Inches | 40 X 40 Cm, Yellow) (Yellow), 210 TC",999,683,4.4,213,50+ bought in past month
"Trance Home Linen Set Of 5 Premium Cotton 16X16 Inch Cushion Covers Only For Sofa And Diwan|Throw Pillow/Small Cushion Pillow Covers Only (16X16 Inch|40Cmx40Cm,Dori&Damask Blue) Set Of 5,180 TC",1299,599,4,228,50+ bought in past month
"HOMECROWN Soft Velvet Fur Cushion Covers - 16 X 16 Inch, Set Of 5, White,250 Threadcount, 250 tc",1299,679,4.2,223,100+ bought in past month
"Trance Home Linen Set Of 5 Premium Cotton 16X16 Inch Cushion Covers Only For Sofa And Diwan|Throw Pillow/Small Cushion Pillow Covers Only (16X16 Inch|40Cmx40Cm,Dori&Damask Blue) Set Of 5,180 TC",1299,599,4,228,50+ bought in past month
"Brizberry® Designer Decorative Premium Poly Cotton Throw Pillow Cushion Covers, Double Side Printing, Set of 5 (16 inch x 16 inch) (Design 51)",1199,599,4.3,11,
"FRESH FROM LOOM Jacquard Soft Velvet Cushion Covers | Hypo-Allergenic | Washable | Non-Fade Diwan Sofa Pillow Covers for Home (Size - 16 x16 Inch, Color - Beige) - Set of 5pc",1499,568,4.2,361,
STITCHNEST Floral Teal Printed Poly Cotton Cushion Cover Set of 5 (24 X 24 Inches),1999,949,4.1,2895,
"Brizberry® Designer Decorative Premium Poly Cotton Throw Pillow Cushion Covers, Double Side Printing, Set of 5 (16 inch x 16 inch) (Design 69)",1199,599,4.3,36,
"Sirhana Decorative Printed Satin Cushion/Throw/Pillow Covers, Multicolor, Set Of 5 Pieces (16X16 Inches, Amber), 250 TC",1999,559,4.2,220,
"Yellow Weaves Jute Texture Cushion Covers, 16 X 16 Inches, Multicolour, Set of 5, 250 TC",749,589,4.2,2322,50+ bought in past month
Brick Home Printed Home Decor Canvas Cotton Cushion Covers Set of 5 (16 X 16 Inches) (White),999,549,3.9,514,
"BRICK HOME Poly Cotton 200TC Cushion Cover, 16 x16 Inches, Black, Set of 5",999,499,4.2,2355,
"Vinayaka Fab Set Of 2 Velvet Throw Pillow Covers - Soft Decorative Cushion Covers Cases With Gold Leather For Sofa Bedroom Livingroom Car, 16 X 16 Inch (2 Pieces) (Dark Blue Off White/Gold), 250 tc",1999,499,4.4,16,
"AEROHAVEN Set of 5 Abstract Decorative Hand Made Jute Throw/Pillow Cushion Covers - Cc11 - (Multicolor, 16 Inch X 16 Inch)",999,368,4.1,772,100+ bought in past month
"MODERN HOMES Cotton Designer Decorative Throw Pillow Covers/Cushion Covers (Navy Blue, 16X16 Inches) - Set Of 6(1000.0), 1000 tc",999,699,4.2,2054,50+ bought in past month
"STITCHNEST Stripe Multi Printed Cotton Rectangular Cushion Covers, Set of 2 (12 x 18 Inches)",999,279,4,1016,50+ bought in past month
haus & kinder Printed & Embroidered Decorative Throw Cushion Cover 16 x 16 inches for Living Room Sofa (Hydrangea),1599,799,4.3,166,
"Vendola Multicolor Microfiber Satin 250TC Cushion Pillow Covers, Multicolor, Set of 5 (16X16 Inches, Iris Yellow)",1999,459,4.1,1262,100+ bought in past month
Kaahira Boho Macrame Decorative Cushion Cover 16x16 | Comfy Throw Pillow Cases for Sofa Couch Bed Living Room (Off-White),1289,399,5,1,
"STITCHNEST Unique Cute Elephant Cartoon Blue Printed Canvas Cotton Cushion Covers, Set of 5 (18 x 18 Inches)",999,569,4.4,609,100+ bought in past month
AEROHAVEN Set Of 5 Multi Colored Decorative Hand Made Jute Throw/Pillow Cushion Covers - Cc24 - (16 Inch X 16 Inch),999,275,4.1,1043,100+ bought in past month
"CIDIZY Jute Tree Floral Printed Cushion Cover, 16 x 16 Inch, Set of 6, Multicolour",1399,479,3.9,55,
"Urvaan Cream Velvet Floral Printed Cushion Covers, 16 x 16 Inch, Set of 5, Multicolour",1399,399,4.6,8,
"Amazon Brand - Umi Velvet Decorative Cushion Cover 16x16 Inch - Set of 2, Soft Solid Square Throw Pillow Covers for Sofa, Living Room or Home Decor - 40x40 cm Blue",999,419,4,428,
"Amazon Brand – Umi. Peacock Printed Canvas Cotton Cushion Cover, Set of 5 (16 x 16 Inches)(Yellow)",999,489,4.1,1013,
"Kaahira Set of 2 Soft Touch Boho Home Decor Macrame Cushion Cover | Bohemian Throw Pillow Case for Sofa, Couch Bed, Living Room - (16x16, Off White)",2578,679,3.8,14,50+ bought in past month
"Amazon Brand - Umi Decorative Velvet Throw Pillow Cover 16X16 Inch (2 Pc) Tassels Fringe Design Pillows For Farmhouse Couch Sofa Bedroom | Blush Velvet Cushion Covers, 1 TC",999,539,4.2,286,50+ bought in past month
HOMEMONDE Throw Cushion Covers Premium Cotton Square Pillow Cover Ikkat Grey Ikkat Print Pillowcases 16x16 Inches - Set of 2,625,299,4.4,1188,
"Yellow Weaves Cotton Canvas Decorative Cushion Covers, (16 X 16 Inches), Set Of 5, Multicolour, 250 tc",749,589,4.1,3032,100+ bought in past month
AEROHAVEN Set of 5 Cotton Turkish Designer Decorative Throw Pillow/Cushion Covers - 16 x 16 inches,699,435,3.8,696,
Roseate Velvet Cushion Cover (16x16 Inch) Throw Pillow Covers Gold Line Soft Decorative Square Cushion Covers for Couch/Chair/Bedroom (Maroon/Lion) Pack of 2,699,379,4.5,89,
AEROHAVEN™ Set of 5 Ethnic Hand Made Jute Throw/Pillow Cushion Covers - CC182 - (16 x 16 Inch),699,299,4.1,165,
"STITCHNEST Yellow & Grey Floral Printed Poly Cotton Cushion Covers, Set of 5 (16 x 16 Inches)",999,469,3.8,41,
"aRDENMEAD Set Of 2 Decorative Cushion Covers Throw/Pillow Cushion Covers With Embroidery. Cotton Cushion Cover Set For You Sofa,Living Room (16 X 16 Inches | 40 X 40 Cm, White), 210 TC",999,683,4.4,61,
"CIDIZY Decorative Flower Print Cushion Cover, 20 x 20 Inch, Set of 5, Multicolour",1999,799,4.2,1575,
"Amazon Brand - Umi Satin Cushion/Throw/Pillow Covers Set of 5 Pieces (16X16 Inches, Turkey)",1999,499,3.8,103,50+ bought in past month
"CIDIZY Maroon Silk Golden Floral Cushion Cover, 16 x 16 Inch, Set of 5",1399,399,4.4,58,50+ bought in past month
"Amazon Brand - Umi Satin 250TC Cushion Pillow Covers, Multicolor, Set of 5 (16X16 Inches, Petals)",1999,499,4.2,135,50+ bought in past month
"BRICK HOME Printed Poly Cotton Cushion Cover (Grey, Teal, 16X16 Inches) - Set of 5, 250 TC",999,549,4.2,906,
"AEROHAVEN™ Set of 5 Floral Decorative Hand Made Jute Throw/Pillow Cushion Covers - CC23 - (Multicolor, 16 Inch x 16 Inch)",999,299,4.2,542,
"STITCHNEST Unique Cute Elephant Cartoon Blue Printed Canvas Cotton Cushion Covers, Set of 5 (12 x 12 Inches)",999,379,4.3,998,
AEROHAVEN™ Set of 5 Decorative Hand Made Jute Throw/Pillow Cushion Covers - CC-173 - (16 x 16 Inch),999,349,4.1,347,
"BLUE GRASS Digital Hd Foil Print Velvet Cushion Cover - Set Of 2, 24X24 Inch || Sea Green, 200 TC",1499,649,4.3,479,
"CIDIZY Golden Leaves Cushion Covers, 12x12 Inch, Set of 5, Beige Cream",699,379,4.1,143,
"Urvaan Velvet Flower Printed Cushion Cover, 16 x 16 Inch, Set of 6, Multicolour",1399,499,4.8,7,
"Amazon Brand – Umi. Printed Poly Cotton Cushion Covers, Set of 5 (18 x 18 Inches)",999,599,4.2,1137,
"HOOPY Set of 5 Designer Decorative Throw Pillow/Cushion Covers (16 inch x 16 inch, Owl Print)",999,499,4.1,76,
"STITCHNEST Floral Printed Poly Cotton Cushion Covers, Set of 2 (12 x 18 Inches)",999,279,4.2,9,
"Khooti Velvet Cushion Cover Decorative Throw Pillow Cover for Living Room Couch Bed Single Sofa, Colourful Soft Modern Medium 16 Inches x 16 Inches / 40.6 cm x 40.6 cm (Colour - Red)(Set of 2 Pieces)",999,499,3.8,8937,
"BRICK HOME Floral Printed Poly Cotton Cushion Covers Set of 2 (12 X 18 Inches) Jasmine, Multi, 180 tc",999,379,4,314,50+ bought in past month
Kuber Industries Cushion Cover | Pillow Covers for Sofa | Throw Cushion Cover | Dupion Polyester Cushion Covers | Grey Patang Wire Cushion Covers | Set of 5 | 16 Inch | Black,1699,613,4.3,37,
"AEROHAVEN Cotton blend Decorative Throw Pillow/Cushion Covers (16 x 16 inch, Multicolour) - Set of 5",699,341,4,236,
"Urvaan White Golden Floral Silk Cushion Covers, 16 x 16 Inch, Set of 5",1399,399,4.1,13,
"STITCHNEST Ikat Yellow Teal Printed Poly Cotton Rectangular Cushion Covers, Set of 2 (12 x 18 Inches)",999,329,3.9,221,
"STITCHNEST Yellow Geometrical Ikat Ethnic Printed Poly Cotton Cushion Covers, Yellow Set of 5 (12 x 12 Inches)",999,379,4,80,
"CIDIZY Jute Maple Printed Cushion Cover Set of 2, 24 x 24 Inch, Multicolour",999,449,4.2,155,
"STITCHNEST Yellow Geometrical Ikat Ethnic Printed Poly Cotton Cushion Covers, Yellow Set of 5 (12 x 12 Inches)",999,379,4,80,
"Encasa Polyester Homes Decorative Cushion Cover 16 X 16 Inch (40 X 40 Cm) - L1 Gold - Floral Digital Printed Large Square Pillow Case For Chair Seat Bed Office & Home (Set Of 2), 160 TC",699,528,4,233,
"CIDIZY Jute Maple Printed Cushion Cover Set of 2, 24 x 24 Inch, Multicolour",999,449,4.2,155,
"MODERN HOMES Plush Cotton Cushion Covers/Decorative Throw Pillow Covers (Yellow, 16X16 Inch) - Set Of 6, 500 TC",,,4.1,381,
"Urvaan White Golden Floral Silk Cushion Covers, 16 x 16 Inch, Set of 5",1399,399,4.1,13,
"STITCHNEST Cotton 100TC Cushion Cover, 16 x 16 Inches, Grey, Set of 5",999,469,4.1,834,
Yellow Weaves Decorative Jute Texture Cushion Covers (16 X 16 Inches) Set of 5 Multi Colour,749,589,4.2,848,
"FRESH FROM LOOM Jacquard Soft Velvet Cushion Covers | Hypo-Allergenic | Washable | Non-Fade Diwan Sofa Pillow Covers for Home (Size - 16 x16 Inch, Color - Beige) - Set of 5pc",1499,568,4.2,361,
"Cazimo Jacquard Chevron Design Cushion Covers 16*16 inches, Set of 5, (Beige)",1299,569,4.3,975,
"BLOCKS OF INDIA Hand Block Printed Cotton Cushion Cover (16 X 16 Inches) (Yellow Flower), 300 TC",1999,699,4.5,40,
Habere India-All the Cultures Fabricating India | Handmade Designer Premium Sofa Cushion Cover Online (Design 7),2199,474,4.1,44,
"Khooti Fabric Cushion Cover, 16x16 inches, Light Linen",381,265,4,4725,
"PINK PARROT Dopian silk 180 tc Cushion Covers (16x16-inch, 40x40cm, Multicolour) - Set of 5 Pieces",379,378,4.1,255,
"Vendola Satin 250TC Sofa Cushion Pillow Covers, Multicolor, Set of 5 Cushion Covers (16X16 Inches, Blue Smoke)",1999,459,4,11,
"STITCHNEST Leaf Yellow Grey Printed Poly Cotton Cushion Covers, Set of 2 (12 x 18 Inches)",999,299,4.1,334,50+ bought in past month
"Vendola Canary Microfiber Satin 250TC Cushion Pillow Covers, Multicolor, Set of 5 (16X16 Inches, Canary)",1999,459,4.1,804,50+ bought in past month
"CASA-NEST Premium Soft Quilted Velvet Print Cushion Cover,Pack of 5 Pc,Bed Cushion/Decorative Sofa Cushion Cover (Size:12x12Inch) (Grey)",999,410,,,
Kuber Industries Flower Printed Cotton Bolster Cover|Ideal 16x32 Inch Size|Soft & Smooth Cotton|Deewan Round Pillow Cover|Pack of 2 (White & Pink)-44KM0129,249,236,3.9,269,50+ bought in past month
"CIDIZY Velvet Traditional Rajasthani Cushion Covers, 16x16 Inch, Multicolour, Set of 5",1399,399,4.1,407,
"PINK PARROT Jacquard Cushion Cover (Set for 5-16 x 16 inch, Design 2)",899,429,4.3,127,
"Alina Decor Abstract Printed Cushion Covers for Home, Decorative Sofa Throw Pillow Case Soft Rich Fabric Square Pillow Covers for Sofa, Living Room, Bedroom, Couch, Chair (12 x 12 Inches, Set of 2)",499,152,,,
"HOMEMONDE Set of 5 Cushion Covers Solid Decorative 16X16 Inch Pillow Cover for Sofa, Couch, Beige",1199,749,4.1,96,
"STITCHNEST Cotton 180TC Cushion Cover, 12 X 18 Inches, Blue, Set of 2",999,309,4.3,1087,
"Amazon Brand - Solimo Peyrab Polyester Printed Cushion Covers, Set of 5, 16 x 16 Inch",629,379,4,88,
"Cloth Fusion Velvet Cushion Cover Set Of 5| Hd Gold Foil Print Throw Pillow Covers 16X16 Inches | (Multi, 5), 100 TC",1199,949,4.1,396,
"Pilovilo Brocade Silk Grey Cushion Covers Set of 2 in Multicoloured Floral Design Festive Size 16""x16"" with Silk Back (Grey Oriental, Set of 2, Regular Size)",1000,600,4.4,92,
"Amazon Brand - Umi , Rainbow Colours Printed Poly Cotton Cushion Covers, Set of 5 (16 x 16 Inches)multi, 180 tc",999,499,4.2,442,
"Homa Dorn Luxury Cotton Handmade Decorative Boho Throw Pillow Covers with Tassels 16""X16"" for Decorative Sofa Couch Living Room Indoor Outdoor Chair Car Farmhouse (Rust, 1)",1799,499,3.7,19,
haus & kinder Printed & Embroidered Decorative Throw Cushion Cover 12 x 18 inches for Living Room Sofa (Coral Lily),1599,799,3.9,26,
"STITCHNEST Pink & Grey Geometrical Printed Poly Cotton Cushion Covers, Set of 5 (16 x 16 Inches)",999,479,4,148,
"Brizberry® Designer Decorative Satin Throw Pillow Cushion Covers, Double Side Printing, Set of 5 (16 inch x 16 inch) (Design 8)",1199,488,4.3,33,
"Vendola Satin 250TC Sofa Cushion Pillow Covers, Multicolor, Set of 5 Cushion Covers (16X16 Inches, Denver)",1999,459,4.2,26,
PINK PARROT- Jacquard dopian Silk Patch Multi Colour Cushion Cover 16x16 inch-Set 5 pcs,999,479,4.3,516,
"ROMEE Soft Jute Rose Floral Print Throw Pillow/Cushion Covers 40cm x 40cm, Set of 5 - Multicolor",1499,399,3.5,17,
"Ultimate Trends Polyester Digital Modern Printed Cushion Cover 12x12 Set of 5, Peanut Brown (UTCC-1065_ 12)",999,499,4.2,5,
"VIREO - Dopian Jacquard Multi Colour Cushion Cover 12X12 Inch-Set 5 Pcs, 150 TC",799,369,4.2,150,
HOKIPO Floral Digital Print 16 Inch Cushion Cover Set of 2 (Oleander Astral Blue) (IN-688-D2*2),599,299,4.7,5,
ROMEE Polyester Chenille Floral Cushion Covers 16x16 inch Set of 5 - Black,1499,449,3.7,147,
"STITCHNEST Black Geometrical Ikat Ethnic Printed Poly Cotton Cushion Covers, Black Set of 2 (12 x 18 Inches)",999,299,3.8,103,
"HOMEMONDE 12 x 18 Inch Rectangular Cushion Cover with Zipper Pack of 1 Small Lumber Pillow Covers, Dark Blue Ikat",399,199,4.4,131,
"Alina Decor Brocade Embroidery Designer Soft Pillow/Cushion Covers (16 INCH x 16 INCH OR 40cm x 40cm) - Set of 2, Pink Color",1099,199,3.5,21,
MIULEE Pack of 2 Velvet Pillow Covers Decorative Square Pillowcase Soft Solid Cushion Case for Sofa Bedroom Car 24 x 24 Inch 60 x 60 cm Light Blue,1799,899,4.6,10871,
"CASA-NEST Cotton Embroidery Set of 5 pc Cushion Cover, Size 12x12 Bright Color Cushion Cover, Cover for Room/Kids Room/Drawing Room Cushion/Decorative Cushion Cover (Ivory)",1199,479,3.6,16,
"Pilovilo Cushion Cover Cotton Handblock Printed Pink Orange Floral in Front with Silk Back 16"" x16” Pack of 2 (Pink Orange Floral 16""x16"" Set of 2)",800,500,3.6,31,
"Brizberry® Designer Decorative Premium Polycotton Throw Pillow Cushion Covers, Double Side Printing, Set of 5 (16 inch x 16 inch) (Design 17)",1199,599,4.3,27,
"HOMEMONDE Set of 5 Cushion Covers 16x16 Inches with Quatrefoil Pattern Cotton Pillow Covers for Sofa, Couch, Chair, Blue",1049,749,4.2,108,
"Guffaw / Corduroy/Stripped/Luxury Cushion Covers Standard Size 16""X16"" Inches (Peach, 2), 340 TC",1499,765,4.3,49,
"Pink parrot- Square Throw Pillow CushionCover Cushion Case Sofa Chair Seat Pillowcase 16 X 16 Inches Set of 5,Dopian Silk,Beige",699,459,4.1,308,
"HOKIPO Velvet Cushion Cover 12x12 in / 30x30 cm, Teal, Pack of 2 (IN-579-TEAL-12IN*2)",499,279,4,124,
RD TREND Set of 5 Decorative Hand Made Satin Throw/Pillow Cushions Covers(18 inch by 18inch),1199,495,4.1,367,
"STITCHNEST Black & Orange Printed Poly Cotton Cushion Covers, Set of 5 (16 x 16 Inches)",999,479,4.3,19,
BLUE GRASS Turkish Satin Digital Print Cushion Cover - Set of 5 || Cream || 12x12,699,389,,,
"Amazon Brand - Umi Satin 250TC Cushion Pillow Covers, Multicolor, Set of 5 (12X12 Inches, Bouquet)",1999,474,3.9,11,
ROMEE Soft Chenille Geometric Throw Pillow/Cushion Covers 16x16 Set of 5 - Black,1499,449,3.9,530,
"aRDENMEAD 100% Cotton Throw Pillow Cases, Hand Embroidered Throw Cushion Covers With Tassel For Sofa, 18X18 Inches | 45 X 45 Cm (Set Of 2) (Yellow - Black), 210 TC",999,797,4.3,122,
BLUE GRASS Turkish Satin Digital Print Cushion Cover - Set of 5 || Coffee || 20x20.,1599,789,4.3,16,
Clasiko Cushion Covers Set of 5; 18x18 Inches; Grey Flowers & Birds,2495,"1,122",4.3,20,
AEROHAVEN™ Set of 5 Designer Decorative Throw Pillow/Cushion Covers - 12 x 12 inches,499,389,3.9,550,
"CIDIZY Velvet Geometric Printed Cushion Covers, 16x16 Inch, Set of 5, Dark Yellow White",1399,399,4.4,8,
"Blue Grass Solid Jute Cushion Cover Black, Pack of 2 || 24x24 Inch",999,399,4.6,3,
Pink parrot- Jacquard dopian Light Beige with Gold Motiv Cushion Cover 16x16 inch-Set 5 pcs,999,459,4,234,
"Encasa Homes Velvet Throw Pillow Cushion Covers 2 pc Set - Lemon Yellow - 16""x16"" / 40x40 cm Solid Plain Dyed Soft & Smooth, Square Decorative Pillowcase for Couch, Sofa, Chair, Bed & Home",600,378,4,3059,
"LOOMLYFE Jacquard Geomteric Cushion Covers 16 Inch X 16 Inch Set Of 5 Ethnic Motifs Cushion Covers,Design- Star,Color- Beige, 240 TC",1499,599,4.2,59,
STITCHNEST Ikat Blue Digital Printed Cotton Cushion Cover Pack of 5 (12X12 Inches),999,439,4.3,423,
"Khooti Velvet Cushion Cover Pack of 1-16"" x 16"" / 41 x 41 cm - Purple - Soft Pillow Covers Cushion Case for Sofa Bedroom Livingroom Chair Car, Cushion Cover with Random Zig Zag Pattern",635,295,4.1,23,
"PINK PARROT Jacquard Decorative Square Cushion Cover (16 x 16-Inches, Multicolour) - Set of 5",999,399,4.1,123,
"Atariya Decor Boho Decoration Velvet Mix & Match Patchwork Cushion Covers (16"" x16 Set of 5, Blue Mix and Match)",1898,998,5,7,
"Decoghar Sofa Cushion Cover 16 inch x 16 inch Single Square Throw Pillow Covers Triangle Embroidered Kusan Covers Set for Home Decor or Living Room (40 cm x 40 cm),Turquoise",599,299,4.1,33,
"AEROHAVEN Set of 5 Color Block Digital Printed Hand Stitched Throw Pillow/Cushion Covers - (Blue, 16 x 16 Inch)(Cotton)",999,499,3.9,41,
Roseate Green Leaf Decorative Cushion Cover/Throw Pillow Covers Polyester Soft Square Cushion Covers for Couch/Chair/Bedroom (16x16 inch/Green) Pack of 2,349,270,4.3,22,
"JDX Flower Fancy Cushion Cover Set for Living Room and Sofa, 8049_Beige",1599,749,4.1,12555,
"CIDIZY Jute Tree Printed Cushion Cover, 16x16 Inch, Set of 2, Yellow Blue",699,298,3.9,29,
"CottonFry Pack of 2 Luxury Fur Shaggy Fluffy Throw Pillow Covers Set Soft Deluxe Decorative Plush Fleece Pillowcases for Cushion Couch Sofa Bedroom Home (16x16, Baby Pink)",999,299,3.9,70,
"STITCHNEST Gift for Boyfriend Girlfriend Husband Wife Couples Girls Boys Printed Jute Cushion Cover, Set of 1 (16x16 Inches)",929,101,4.2,75,
"CASA-NEST Cotton Embroidery Set of 5 pc Cushion Cover, Size 16x16 Bright Color Cushion Cover, Cover for Room/Kids Room/Drawing Room Cushion/Decorative Cushion Cover (Mustard)",1199,597,4.3,41,
"STITCHNEST Red Geometrical Ikat Ethnic Printed Poly Cotton Cushion Covers, Red Set of 2 (12 x 18 Inches)",999,299,4,51,
Amazon Brand – Umi Velvet Pompom Cushion Cover 14x14 Inch - Set of 2 Large Square Throw Pillow Covers for Sofa Living Room or Home Decor in Blue Color,999,499,4,18,
"CIDIZY Jute Maple Cushion Cover, 24x24 Inch, Multicolour, Set of 5",2499,899,4.4,466,
"CASA-NEST Premium Soft Quilted Velvet Print Cushion Cover,Pack of 2 Pc,Bed Cushion/Decorative Sofa Cushion Cover (Size:20x20Inch) (Brown)",999,358,5,1,
"Urban Space Hollow Fibre Cotton Cushion Covers Set of 3, 16 inch x 16 inch, Humming Bird Blue",1299,499,5,2,
"Kuber Industries Cotton Bolster Cover|Soft Bolster Pillow Cover for Bedroom, Living Room|Bolster Cover Set of 2|White & Pink",249,236,4,1678,200+ bought in past month
Roseate Velvet Cushion Cover/Throw Pillow Covers Gold Line Soft Decorative Square Cushion Covers for Couch/Chair/Bedroom (16X16/ Maroon/Damasc) Pack of 2,699,399,3.5,16,
"FRESH FROM LOOM Jute Cushion Covers - Set of 3pc Non-Fade, Hypo-Allergenic Diwan Sofa Pillow Covers (16x16 Inches, Cream)",999,425,4,8,
"aRDENMEAD Decorative Handmade Cotton Tassel Throw/Pillow Cushion Cover Set Of 2 (12 X 20 Inches, 30 X 50 Cm, Yellow), 210 TC",999,683,4.2,137,
"Encasa Homes Cushion Covers 2 pcs Set (45x45 cm) - Ticking Red - Decorative Large Square Colourful Washable Eco-Cotton, Pillow Cases for Living Room, Sofa, Chair, Bedroom, Home & Hotel",1000,425,4.2,191,
"Sleepyhead Spring - Digital Printed Dual Sided Floral Cushion Covers/Throw Pillow (16X16, Set of 5, Blue & Orange)(Canvas)",1199,809,4.1,312,
"aRDENMEAD Set of 2 Decorative Cushion Covers Throw/Pillow Cushion Covers. Cotton Cushion Cover Set for You Sofa,Living Room (16 x 16 Inches | 40 x 40 cm,Yellow)",999,683,4.6,35,
"Trance Home Linen Set of 5 Premium Cotton 24x24 inch Cushion Covers Only | Throw Pillow/Small Cushion Pillow Covers Only – (24x24 inch | 60cmx60cm, Dori & Damask Mustard Yellow) – Set of 5",1299,891,3.9,6,
PINK PARROT Jacquard Silk 24x24 inch Cushion Cover Set of 2 pcs,999,439,,,
"India Circus by Krsnaa Mehta Ancient Haathi Multicolor Printed Decorative Blended Velvet Cushion Pillow Cover for Couch, Sofa, Bed Set of 5 (16 x 16 Inches)",1999,999,5,1,
"TH TASSELED HOME Twig Modern Chic Designer Crushed Velvet Cushion Cover (Multicolour) (16x16 Inches, Palm)",499,399,3.8,53,
"STITCHNEST Hexa Geometrical Printed Poly Cotton Cushion Covers, Set of 5 (16 x 16 Inches)",999,459,4.3,21,
"IVAZA Decorative Cushion Covers, Solid Sofa Cushion, Soft Velvet Cushion Case, Square Accent Cushion Covers for Sofa,Couch Bed Chair,Cushion Cover Set of 4 (24"" x 24"") Beige",,349,3.7,157,
"Ultimate Trends Premium Polyester Digital Modern Printed Cushion Cover For Living Room Couch Bed Single Sofa Set Of 5 (16 X 16 Inches, Floral White), 200 TC",1575,549,4.1,346,
"Virlok Elite Velvet Square Shape Cushion Cover Throw Pillow Cover for Living Room Couch Diwan Single Seater Sofa,Velvet Red Color Modern Small (SIZE-24X24)(Set of 2)",1089,589,3.5,3,
"Lazy Lads Tribal Satin 250TC Cushion Pillow Covers, Multicolor, Set of 5 (24X24 Inches, Tribal)",2000,939,4.4,40,
mosey 12x20 Cushion Cover Set of 2 | Rectangle 12 20 Cushion Cover | Rectangular Cushion Covers 12 inch x 20 Inch Red,1195,995,4.3,156,
"pink parrot Durable Dopian Silk Decorative Jacquard Cushion Cover Sofa Chair Seat Pillowcase (Pink, 40x40 cm) -Set Of 5 Pcs",899,389,4.3,215,
"HOKIPO Turkish Bubble Cushion Cover, 18x18 Inch (45x45 cm) Set of 2, Forest Green (AR-5112-B6*2)",999,599,,,
"ROMEE Soft Velvet Febric Solid Plain Cushion Covers 16x16 inch, Set of 5 - Royal Blue",1999,509,3.7,43,
"PINK PARROT - Jacquard Silk Multi Colour Square Cushion Cover 16X16 Inch-Set 5 Pcs, 150 TC",999,459,4.2,112,
"Urban Space Cotton Cushion Covers, Set of 5, 16 inch x 16 inch, Boho Grey",1699,749,4.6,6,
IM FAB Yellow and Black Digital Printed Decorative Canvas Cotton Cushion Covers Set of 5 pcs (12X12 inches or 30X30 cms),999,349,3.9,175,
COMFORT WEAVE Set of 5 100% Cotton Decorative Throw Pillow/Cushion Covers (16 inch X 16 inch),699,399,4.2,70,
VIREO Jacquerd Polyester Blend Cushion Cover 12X18 inches (Pink) -Set of 2 Pieces,799,399,4.1,95,
India Circus by Krsnaa Mehta Geometrical Deer's Multicolor Satin Blend Cushion Pillow Covers Set of 5 (16 x 16 Inches),1999,999,,,
BLUE GRASS Digital HD Foil Print Velvet Cushion Cover - Set of 5 || Multicolour || 12x12 Inches.,999,509,4.4,77,
"CottonFry Blue Monkey Set Of 2 Cushion Covers/Throw Pillow Covers With Pom Poms, Soft Square Velvet Pillowcases, 250 TC",999,301,3.8,580,
"Amazon Brand - Umi Velvet Throw Pillow Cover 12 X 12 Pack of 2 | Decorative Gold Foil Print Pillow Covers with Hidden Zipper | Luxury Cream Pillows for Bedroom, Living Room, Sofa, Home Decor",999,425,4.1,79,
"CASA-NEST Premium Soft Quilted Velvet Print Cushion Cover,Pack of 2 Pc,Bed Cushion/Decorative Sofa Cushion Cover (Size:24x24Inch) (Beige)",999,449,,,
Roseate Velvet Cushion Cover/Throw Pillow Covers Soft Decorative Gold Line Square Cushion Covers for Couch/Chair/Bedroom (16X16/ Maroon/Leaves) Pack of 2,699,379,4.4,18,
"India Circus by Krsnaa Mehta Bougainvillea Delights Multicolor Printed Decorative Blended Velvet Cushion Pillow Cover for Couch, Sofa, Bed Set of 5 (18 x 18 Inches)",2199,"1,099",4.3,5,
Pure Home + Living Blue Bird Embroidered Velvet Cushion Cover,1399,"1,329",5,4,
"CIDIZY Velvet Ikat Cushion Cover, 12x12 Inch, Set of 5, Multicolor",699,379,4.1,151,
Roseate Velvet Cushion Cover/Throw Pillow Covers Soft Decorative Gold Line Square Cushion Covers for Couch/Chair/Bedroom (16X16/ Blue/Birds) Pack of 2,699,379,4,10,
BLUE GRASS Digital HD Foil Tree Print Velvet Cushion Cover - Set of 2|| Grey || Size : 12x12 Inches.,1299,298,4.4,54,
"Kaahira Handcrafted Bohemian Cotton Macrame Square Cushion Cover Throw Pillowcases Boho Decors For Sofa Couch Bed Living Room - 1 Pcs Decorative And Comfy Pillow Case (16X16, Cream), 1 TC",1289,349,4.1,51,
ROMEE Soft Jute Jasmine Floral Print Throw Pillow/Cushion Covers 16 x 16 inch Set of 5 - Multicolor,1499,449,4,45,
"aRDENMEAD Set of 2 Velvet Embroidered Decorative Hand Made Throw/Pillow Cushion Covers. Cushion Cover Set for You Sofa,Living Room (16 x 16 Inches | 40 x 40 cm, Yellow)",999,797,3.9,29,
ROMEE Soft Polyester Chenille Solid Plain Cushion Cover 16x16 Set of 5 - Brown,1499,549,4.1,149,
"HOKIPO Stretchable Cushion Cover for Sofa 16 inch x 16 inch, Pack of 2, Feather Brown Floral (AR-4993-C1*2)",499,249,,,
THE WHITE INK DECOR Premium Satin Creative Animal Print Cushion Cover with Fringe Edging and Concealed Zipper 16x16 inches Lifestyle,1999,499,5,1,
India Circus by Krsnaa Mehta Bougainvillea Delights Multicolor Satin Blend Cushion Pillow Covers Set of 5 (16 x 16 Inches),1999,999,5,1,
"Brizberry® Designer Ethnic Blue Decorative Premium Poly Cotton Throw Pillow Cushion Covers, Double Side Printing, Set of 5 (16 inch x 16 inch) (Design 14)",1199,599,3.2,3,
"HOKIPO Stretchable Cushion Cover 16x16, Pack of 2 (AR-4282-E13*2)",499,249,3.6,71,
"HOKIPO Poly Jute Set of 4 Cover for Pillow Square/Cushion 14x14 Inch, Pink (IN-495-PNK*4)",949,449,4.2,123,
"CASA-NEST Premium Silk Cotton Digital Cushion Cover,Set of 5 Pcs,Bed Cushion/Decorative Sofa Cushion (12X12, White)",999,519,3.9,24,
ROMEE Soft Jute Peacock Print Throw Pillow/Cushion Covers 16x16 inch Set of 5 - Multicolor,1499,413,3.9,98,
"MY ARMOR Velvet Cushion Covers Set of 5-12 x 12 Inches / 30 x 30 Cm, Soft & Luxurious Cushion Cases for Bedroom, Sofa, Chair & Living Room - Cream",1999,799,4.5,104,
"HOKIPO 190 GSM Thick Jacquard Cushion Cover 18x18 Inches Set of 2, Maroon (AR-4729-F6*2)",799,429,4.2,26,
"Lushomes Cushion Cover 24 inch x 24 inch, Boho Cushion Covers, Square Pillow Cover, Throw Pillow Cover, Soft Polyester Twill Fabric(Pack of 5, 24x24 Inch, Yellow Flowers)",1200,877,2.7,4,
"BSB HOME® Present Designer Printed 6 Piece Cotton Pillow Cover Set- 20"" X30"" Inches, (White, Blue, Yellow, Maroon, Grey and Pink), 144 TC, Floral, 150 Threads",999,299,4,1034,
"Alina Decor Hand Beaded Sequins Patchwork Embroider Cushion Covers/Soft Pillow (16 INCH x 16 INCH OR 40cm x 40cm) - Set of 2, Cream Color",1399,531,4.4,4,
Encasa Cotton Throw Pillow Covers Set of 5 I 12x12 in (30x30 cm) - Natural I No Insert I Plain Square Pillowcases I Machine Washable | Indoor Use Only,1000,630,4.1,4656,
"CASA-NEST Soft FurFabric Cushion Cover, Size 12X12,Designer Cushion Cover for Children/Kids/Sofa/Bedroom/Restraunt,Square Shape,Pack of 5 pcs (Off White)",1299,689,4.6,2,
"ROMEE Grey Abstract Pattern Woven Knitted Wool Tufted Cushion Cover - Set of 2, 12 Inch x 18 Inch",1699,595,4.5,20,
ROMEE Soft Polyester Jute Leaves Print Cushion Covers 16 inch x 16 inch Set of 5 - Multicolor,1499,399,3.9,88,
SAJAVAT HOME Ruby Red Cotton Cushion Covers | Soft and Durable Decorative Pillowcases | 26x26 Inches / 66x66 Cms | Pack of 2 | Vibrant Addition to Your Home Decor,1799,799,3.8,11,
"CASA-NEST Premium Soft Fur Print Cushion Cover,Pack of 5 Pc,Bed Cushion/Decorative Sofa Cushion Cover (Size:12x12Inch) (Aqua)",1299,909,5,2,
"Amazon Brand - Umi Satin 250TC Cushion Pillow Covers, Multicolor, Set of 5 (24X24 Inches, Kaas)",1999,899,3.5,10,
"ZEBA World Cushion Cover - Decorative | Sofa, Bedroom, Couch | Polycanvas Printed Paisley - Red - 16x16 inch (40x40 cms) (Pack of 2)",898,790,5,2,
"Lushomes Plain Cotton Cushion Cover/Pillow Cover (12 x 12 (Set of 3), Brown)",1650,354,3,1,
"CASA-NEST Premium Soft Quilted Velvet Print Cushion Cover,Pack of 5 Pc,Bed Cushion/Decorative Sofa Cushion Cover (Size:16x16Inch) (Blue)",1599,479,,,
NIVKART Cushion Covers 16 inch x 16 inch Set of 2|Throw/Pillow Cushion Covers - (Cream)|Decorative Velvet Golden Leather Embroidery Cushion Covers| Bed Pillow Soft Cushion Covers,958,678,3,2,
"HOKIPO 190 GSM Thick Jacquard Cushion Cover 18x18 Inches Set of 2, Dark Brown (AR-4729-F3*2)",799,399,4.2,26,
"Kaahira Handcrafted Bohemian Cotton Macrame Square Cushion Cover Throw Pillowcases Boho Decors For Sofa Couch Bed Living Room - 1 Pcs Decorative And Comfy Pillow Case (16X16, Cream), 1 TC",1289,349,4.1,51,
ROMEE Soft Polyester Chenille Solid Plain Cushion Cover 16x16 Set of 5 - Brown,1499,549,4.1,149,
"Brizberry® Designer Ethnic Blue Decorative Premium Poly Cotton Throw Pillow Cushion Covers, Double Side Printing, Set of 5 (16 inch x 16 inch) (Design 14)",1199,599,3.2,3,
"HOKIPO Poly Jute Set of 4 Cover for Pillow Square/Cushion 14x14 Inch, Pink (IN-495-PNK*4)",949,449,4.2,123,
"CASA-NEST Premium Silk Cotton Digital Cushion Cover,Set of 5 Pcs,Bed Cushion/Decorative Sofa Cushion (12X12, White)",999,519,3.9,24,
"HOKIPO Stretchable Cushion Cover 16x16, Pack of 2 (AR-4282-E13*2)",499,249,3.6,71,
ROMEE Soft Jute Peacock Print Throw Pillow/Cushion Covers 16x16 inch Set of 5 - Multicolor,1499,413,3.9,98,
"ROMEE Grey Abstract Pattern Woven Knitted Wool Tufted Cushion Cover - Set of 2, 12 Inch x 18 Inch",1699,595,4.5,20,
ROMEE Soft Polyester Jute Leaves Print Cushion Covers 16 inch x 16 inch Set of 5 - Multicolor,1499,399,3.9,88,
"Urban Space Hollow Fibre Cotton Cushion Covers Set of 3, 16 inch x 16 inch, Butterfly",1299,499,4.4,2,
"OrientalWeavers Home Decorative Cotton Printed Cushion Covers (16 x 16 inch) Set of 5, Square Pillow Cases Yellow Floral.",969,285,3.8,29,
ROMEE Soft Jute Jasmine Floral Print Throw Pillow/Cushion Covers 16 x 16 inch Set of 5 - Multicolor,1499,449,4,45,
"STITCHNEST Red Persian Design Poly Cotton Cushion Covers, Set of 5 (18 x 18 Inch)",999,569,3.5,49,
AEROHAVEN™ Set of 5 Decorative Hand Made Jute Throw/Pillow Cushion Covers - CC-01 (12 x 12 Inch),999,289,4,887,
Roseate Velvet Cushion Cover/Throw Pillow Covers Soft Decorative Gold Line Square Cushion Covers for Couch/Chair/Bedroom (16X16/ Maroon/Leaves) Pack of 2,699,379,4.4,18,
"HOKIPO Stretchable Cushion Cover for Sofa 16x16 Pack of 4, Beige (E23-AR4282*4)",699,349,3.3,18,
BLUE GRASS Turkish Satin Digital Print Cushion Cover - Set of 5 || Coffee || 20x20.,1599,789,4.3,16,
"Lushomes Cushion Cover 24 inch x 24 inch, Boho Cushion Covers, Square Pillow Cover, Throw Pillow Cover, Soft Polyester Twill Fabric(Pack of 5, 24x24 Inch, Yellow Flowers)",1200,877,2.7,4,
PINK PARROT- Jacquard Polyester Multi Colour Square Cushion Cover 12x12 inch-Set 5 pcs,799,329,4.4,21,
"TH TASSELED HOME Crushed Velvet Birds Designer Printed Cushion Cover (12x18 Inches, Blush)",499,399,3.9,49,
"STITCHNEST Yellow Geometrical Ikat Ethnic Printed Poly Cotton Cushion Covers, Yellow Set of 5 (18 x 18 Inches)",999,569,4.2,118,
VIREO Jacquerd Polyester Blend Cushion Cover 12X18 inches (Pink) -Set of 2 Pieces,799,399,4.1,95,
"CASA-NEST Premium Colth Cushion Cover with HD+ Gold Foil Print,Size-16x16 Soft Solid and Square Throw Pillow Cover Set of 2 Pcs (Red)",999,479,4.5,2,
Encasa Cotton Throw Pillow Covers Set of 5 I 16x16 in (40x40 cm) - Lime Green I No Insert I Plain Square Pillowcases I Machine Washable | Indoor Use Only,1400,829,4.1,4656,
"Kuber Industries Floral Print Cotton Bolster Cover- Set of 2, 16""x32"" (Cream)",249,246,3.9,171,
"Lazy Lads Tribal Satin 250TC Cushion Pillow Covers, Multicolor, Set of 5 (24X24 Inches, Tribal)",2000,939,4.4,40,
"aRDENMEAD Cotton Cushion Cover Set Of 2 Decorative Throw Pillow Covers With Embroidery. Blue Cushion Covers Sofa Cushion Covers (16 X 16 Inches | 40 X 40 Cm Navy Blue), 210 TC",999,683,4.3,74,
THE WHITE INK DECOR Premium Green Aura Cushion Cover with Fringe Edging and Concealed Zipper 16x16 inches Lifestyle,1999,499,,,
SAJAVAT HOME Ruby Red Cotton Cushion Covers | Soft and Durable Decorative Pillowcases | 26x26 Inches / 66x66 Cms | Pack of 2 | Vibrant Addition to Your Home Decor,1799,799,3.8,11,
Clasiko Cushion Covers Set of 5; 16x16 Inches; Pink Maroon Flowers,2295,"1,171",5,1,
"Kuber Industries Flower Design Velvet Pillows Covers for Couch Bed Sofa, Soild Soft Cushion Case, 16x16 Inches- Pack of 5 (Black)",399,371,4.1,49,
"STITCHNEST Geometric Red and White Printed Canvas Cotton Square Cushion Covers, Set of 2 (24 x 24 Inches) (B085GFBKC1)",999,587,4,12,
"Vendola Satin 250TC Sofa Cushion Pillow Covers, Multicolor, Set of 5 Cushion Covers (16X16 Inches, Social Media)",1999,459,4.3,76,
"PICKKART Fur Pillow Cover for 12x12 Inch Pilloiw, No Insert Included (White)",699,241,3.4,6,
"CottonFry Pack of 2 Luxury Fur Shaggy Fluffy Throw Pillow Covers Set Soft Deluxe Decorative Plush Fleece Pillowcases for Cushion Couch Sofa Bedroom Home (16x16, Baby Pink)",999,299,3.9,70,
Roseate Velvet Cushion Cover/Throw Pillow Covers Soft Decorative Gold Line Square Cushion Covers for Couch/Chair/Bedroom (16X16/ Blue/Birds) Pack of 2,699,379,4,10,
"aRDENMEAD Set of 2 Velvet Embroidered Decorative Hand Made Throw/Pillow Cushion Covers. Cushion Cover Set for You Sofa,Living Room (16 x 16 Inches | 40 x 40 cm, Yellow)",999,797,3.9,29,
"ROMEE Soft Jute Floral Print Throw Pillow/Cushion Covers 16x16 inch, Set of 5 - Multicolor",1499,403,4,31,
STITCHNEST Printed Poly Cotton Cushion Covers (20 x 20 Inches),1999,713,4,148,
"HOKIPO Poly Jute Throw Pillow/Cushion Covers, Set of 4, 12x12 Inch, Dark Grey(IN-495-DGRY*4)",899,399,4.4,30,
"AMLEXTTRIZ Cream Animal Print 100% Pure Cotton Cushion Cover Set of 5 Decorative Covers for Sofa, Bedroom & Living Room (Size 16x16) (Brown)",1199,439,2.9,2,
"Alina Decor Hand Beaded Sequins Patchwork Embroider Cushion Covers/Soft Pillow (16 INCH x 16 INCH OR 40cm x 40cm) - Set of 2, Cream Color",1399,531,4.4,4,
"GRHAMOY Square Cushion Cover Throw Pillow Cover for Living Room Couch Diwan Single Seater Sofa, Modern Boho Medium 18 X 18 Inches | 45 x 45 cm Colour - Red | Set of 4 Pieces",2319,"1,499",3.9,25,
"Amazon Brand - Umi Satin 250TC Cushion Pillow Covers, Multicolor, Set of 5 (24X24 Inches, Kaas)",1999,899,3.5,10,
BLUE GRASS Turkish Satin Digital Print Cushion Cover - Set of 5 || Cream || 12x12,699,389,,,
"STITCHNEST Geometric Multicolour Digital Printed Poly Cotton Rectangular Cushion Covers, Set of 2 (12 x 18 Inches)",999,339,3.8,88,
Atariya Decor Premium Cushion Covers - Set of 2 | Decorative Throw Pillow Cases | 16x16 inches | Soft and Durable | Home Decor,898,568,5,3,
"ROMEE Bird Printed Jute Cushion Cover, Set of 5 - (16x16 Inch, Beige)",1499,449,3.8,179,
"Amazon Brand - Umi Satin 250TC Cushion Pillow Covers, Multicolor, Set of 5 (16X16 Inches, Wedding)",1999,499,4.3,42,
COMFORT WEAVE Set of 5 100% Cotton Decorative Throw Pillow/Cushion Covers (16 inch X 16 inch),699,399,4.2,70,
"aRDENMEAD 100% Cotton Hand Embroidered Striped Decorative Cushion Cover With Tassels.Embroidered Yellow Cushion Covers Set (Set Of 2) (Yellow, 12 X 20 Inches | 30 X 50 Cm), 2 TC",1999,683,4.5,701,
"JDX Flower Fancy Cushion Cover Set for Living Room and Sofa, 8049_Beige",1599,749,4.1,12555,
SAJAVAT HOME Cotton Diamond Printed Cushion Cover 18x18 INCHES Grey (Pack of 1),699,399,4.2,7,
"TH TASSELED HOME Crushed Velvet Birds Designer Printed Cushion Cover (12x18 Inches, Blush)",499,399,3.9,49,
"CASA-NEST Premium Foam Pintex Cushion Cover,Pack of 5 Pc,Bed Cushion/Decorative Sofa Cushion (Size:12x12Inch) (White)",999,499,4,1,
"Ultimate Trends Polyester Digital Modern Printed Cushion Cover 16x16 Set of 5, Multi Color(UTCC-New-03_16)",999,549,3.4,3,
"AEROHAVEN Set of 6 Satin Abstract Designer Decorative Throw Pillow/Cushion Covers - (Grey, 18 x 18 Inch)",1499,599,3.9,1603,
RD TREND Set of 5 Decorative Hand Made Satin Throw/Pillow Cushions Covers(18 inch by 18inch),1199,495,4.1,367,
"AMLEXTTRIZ Cream Animal Print 100% Pure Cotton Cushion Cover Set of 5 Decorative Covers for Sofa, Bedroom & Living Room (Size 16x16) (Brown)",1199,439,2.9,2,
"STITCHNEST Geometric Red and White Printed Canvas Cotton Square Cushion Covers, Set of 2 (24 x 24 Inches) (B085GFBKC1)",999,587,4,12,
"Virlok Elite Velvet Square Cushion Cover Throw Pillow Cover for Living Room Couch Diwan Single Seater Sofa, Colorfull Modern Small (Set of 1 Piece) (Size- 16x16) (Color - Gold)",396,199,4,35,
"Kuber Industries Flower Design Velvet Pillows Covers for Couch Bed Sofa, Soild Soft Cushion Case, 16x16 Inches- Pack of 5 (Black)",399,371,4.1,49,
"STITCHNEST Traditional Red Persian Design Poly Cotton Rectangular Cushion Covers, Set of 2.(12 x 18 Inche)",999,299,3.4,37,
"Vendola Satin 250TC Sofa Cushion Pillow Covers, Multicolor, Set of 5 Cushion Covers (16X16 Inches, Social Media)",1999,459,4.3,76,
"THE WOOD WHITE® Soft Premium Brushed Microfiber Printed 250 Tc Pillow Covers Set of 2. 16 X 24 Inch Pillow Cases for Bed, White Flower",599,299,4.2,17,
"TRIBECCA Cotton 300 TC Cushion Cover, 42 x 42 cm, (Aqua White)",1499,499,4,303,
"Trance Home Linen Set Of 5 Premium Cotton 16X16 Inch Cushion Covers Only For Sofa And Diwan|Throw Pillow/Small Cushion Pillow Covers Only (16X16 Inch|40Cmx40Cm,Dori&Damask Blue) Set Of 5,180 TC",1299,599,4,228,50+ bought in past month
"Amazon Brand - Umi Velvet Decorative Cushion Cover 12x12 Inch - Set of 2, Soft Solid Square Throw Pillow Covers for Sofa, Living Room or Home Decor - 30x30 cm White",599,339,4,428,
SCPmarts Tree Printed Cushion Cover Home Decorative Pillow Cushion Covers for Sofa Soft Solid Square Throw Pillow Cushion Covers Satin Cushion Covers Set of 5 Size 16 x 16 Inch (Design 2),699,449,,,
SCPmarts Boho Printed Cushion Cover Home Decorative Pillow Cushion Covers for Sofa Soft Solid Square Throw Pillow Cushion Covers Satin Cushion Covers Set of 5 Size 16 x 16 Inch (Design 9),699,449,5,1,
"STITCHNEST Poly Cotton Multicolor Cushion Covers with Filler, 12 X 18 Inches, Set of 2",999,599,4.3,1087,
"Cortina Pack of 5 Velvet Foil, Decorative Throw Pillow Covers, Soft Solid Square Cushion Case for Couch, 16 X 16 inches, Cream",1899,499,,,
"FURNISHYA Printed Cushion Covers Set of 5 | Floral Design | Polyester Square Pillowcases Set for Sofa, Living Room | 16x16 inches, (40x40 cm)",1399,699,5,1,
Hummingbird 100% Cotton Cushion Covers (16x16 Inch) Printed & Tufted Square Covers Soft Decorative for Sofa/Chair/Bedroom (Orchid) Pack of 2,999,499,,,
Hummingbird 100% Cotton Cushion Covers (16x16 Inch) Printed & Tufted Square Covers Soft Decorative for Sofa/Chair/Bedroom (Orange Boho) Pack of 2,999,499,,,
"Encasa Chambray Cotton Floral Cushion Covers | Set of 2 I 16""x16"" (40x40 cm) I No Insert Covers Only I Decorative Floral Square Pillowcase I Machine Washable | Indoor Use Only",699,498,4.2,46,
Encasa Cotton Throw Pillow Covers Set of 2 I 20x20 in (50x50 cm) - Natural I No Insert I Plain Square Pillowcases I Machine Washable | Indoor Use Only,1000,615,4.1,4656,
Go Well Satin Silk Pillow Cover for Hair and Skin 2 Piece with 3 Piece Satin Silk Soft Scrunchies|Silk Pillow Covers with Envelope Closure end Design|Silk Pillow Cases(Rose Taupe) 400 TC,999,245,4.3,5881,3000
"BSB HOME Cotton Pillow Cover/Case Set (2 Pcs) - 18""x28"" inches, Grey&White",399,129,4,1100,1000
"VAS COLLECTIONS 6 Pcs Cotton Pillow Cover Set (3 Pairs) | 144 TC Supersoft Brushed Cotton - Breathable & Wrinkle Free - 6 Pcs Set | White, Blue & Grey",1199,349,4.1,620,
"VAS COLLECTIONS Premium 210 TC 100% Pure Cotton Satin Stripes Pillow Cover Set of 2 Pcs, for Hotel Hospital Uses, 18x28 inches - Onion",399,149,3.9,552,600+ bought in past month
"COZY FURNISH Super Soft Brushed Microfiber Cotton Pillow Covers,Set of 4 (Total 8 Pcs) Pillow Covers,17X27(Inches) Super Soft and Breathable Envelope Closure Pillow Cases",999,599,4.2,3525,
"BSB HOME Present Designer Printed 6 Piece 100% Pure Cotton Pillow Cover Set- 20"" X30"" Inches, (Multicolor11)",1599,299,4,1034,100+ bought in past month
"Amazon Brand - Solimo Elegant Navy Blue Pillow Cover, Brushed Cotton (Set of 2, Navy Blue, 17"" X 27"")",599,229,4.2,5415,
"BSB HOME 180 TC Premium Cotton Pillow Covers | Regular Pillow Cases | Set of 2 Pieces Pillow Covers only King Size (Pink & Grey, 20 x 30 Inches)",399,129,3.8,776,400+ bought in past month
"BSB HOME Present Designer Printed Cotton 160 TC Standard | Regular | King Size Pillow Cover Set of 2 Piece (18x28 Inches, Blue and White)",399,129,3.7,148,100+ bought in past month
Huesland by Ahmedabad Cotton 2 Pcs Cotton Pillow Cover Set - Yellow and Grey,599,269,4.2,1863,500+ bought in past month
"BSB HOME® Present Designer Printed 6 Piece 100% Pure Cotton Pillow Cover Set- 20"" X30"" Inches, (Multicolor)",999,299,4.1,3223,1000
Huesland by Ahmedabad Cotton 144 TC Cotton Pillow Covers Set of 2 - Yellow,599,279,4.1,81,100+ bought in past month
"Amazon Brand - Solimo Floral Caress Pillow Covers, Premium Yarn, Soft and Comfortable, Fade-Resistant, Machine-Washable (Set of 2, 110 GSM, Floral, Multicoloured)",399,129,3.7,72,50+ bought in past month
"Amazon Brand – Umi Super Soft Brushed Microfiber Cotton Printed Pillow Covers Set of 8 - 17"" x 27"" (Multicolor3) 144 TC",999,629,4.3,383,50+ bought in past month
"Candibella’s Satin Silk Pillow Covers for Hair and Skin, Pack of 2 Satin Pillow Cover with 3 Satin Scrunchies for Women, Luxurious Silk Pillow Covers with Envelope Closure, 400 TC (Rose Taupe)",1199,299,4.3,224,200+ bought in past month
Ahmedabad Cotton Pillow Cover / Case Set (2 Pcs) - 18 x 27 inches,599,299,4.2,1869,200+ bought in past month
"Wakefit 100% Cotton Solid 200 Tc Pillow Cover, Standard - 18 X 27 Inches, Navy Blue, 2 Pieces",429,400,4.5,3353,50+ bought in past month
"BSB HOME® 220 TC Premium Glace Cotton Solid Striped Pillow Covers | Ultrasoft Breathable Envelope Closure| Pack of 2 Pillow Covers King Size (Grey, 20 x 30 Inches)",399,199,3.7,81,
Homefab India 2 Piece Satin Stripe Glace Cotton Pillow Covers - Brown,399,129,4.1,13,
"Trance Home Linen 200 TC Cotton Large Size 20x30 inch Satin Stripe Pillow Covers | Pillow Cases | Set of 2 Piece Pillow Covers only |Large Size (Dark Grey, 20 X 30 inch)",559,379,4.1,5585,
"BSB HOME Cotton 2 Piece Cotton Pillow Cover Set - 20""x30"", White and Red",399,199,3.5,440,200+ bought in past month
Huesland by Ahmedabad Cotton Pillow Cover Set (2 Pcs) - 18 x 27 inches,599,284,4.1,1457,100+ bought in past month
"Kuber Industries Lining Design Cotton Pillow Cover- 18x28 Inch, Set of 6 (White)-HS43KUBMART26782",699,664,4.2,209,100+ bought in past month
Huesland by Ahmedabad Cotton 144 TC Cotton Pillow Cover Set of 2 - Taupe & White,599,279,3.8,26,
"VAS Collections® 105 TC Premium Cotton King Size Printed Design Pillow Cover -18""X28"" Inches,Set of 2 Pieces (Cream & Green)",399,149,3.6,89,50+ bought in past month
"AVI 210TC Soft Luxury Satin Stripe Cotton Pillow Covers Set of 2, Envelope Closure Pillow Cases, Breathable Hotel Quality Pillowcover (20x36 Inches, Grey)",1199,491,3.8,294,
Pillow Cover RYLAN Satin Silk Pillow Cover for Hair and Skin 2 Piece with 3 Piece |Silk Pillow Covers with Envelope Closure end Design|Silk Pillow Cases 600 TC (Rose Taupe),999,299,4.5,211,200+ bought in past month
"BSB Home Cotton 120 TC Pillow Cover, 6 Pieces - King, Multicolor",999,299,3.9,1349,100+ bought in past month
"Trance Home Linen 200 TC Cotton Printed Pillow Covers | Pillow Cases | Set of 2 Piece Pillow Covers only |Large Size (20 X 30 inch, Damask Blue)",559,379,4.3,351,
"LINENWALAS Cotton Solid 400Tc Softest Long Staple Silky Soft Pillow Covers- White, Standard (17X27) Set Of 2, 152.4 Centimeters, 228.6 Centimeters",600,249,4,139,100+ bought in past month
"LINENWALAS 300 TC 100% Cotton Satin Stripes Set of 2 Standard Pillow Covers for Premium Pillow Covers for Hotel, Guest House & B&B (White Stripes,18x28 inch)",600,249,3.8,1258,100+ bought in past month
"BSB HOME® Present Designer Printed 6 Piece 100% Pure Cotton Pillow Cover Set- 20"" X30"" Inches, (Multicolor, Green Yellow & Green)",999,299,3.7,7,100+ bought in past month
Ahmedabad Cotton Pillow Cover / Case Set (2 Pcs) - 18 x 27 inches,599,299,4.1,946,100+ bought in past month
RajasthaniKart Comfort Rajasthani Jaipuri Traditional Sanganeri Print 144 TC Cotton 2 Pillow Covers - PillowCover_122,299,195,3.7,1206,50+ bought in past month
"Kuber Industries Embroided Design 2 Piece Cotton Pillow Cover Set-17""x27"" (Cream) Luxury Pillow Covers - CTKTC040275, 200 TC",299,282,3.9,576,
"LINENWALAS Cotton Pillow Covers Set of 2, Bedroom Pillows with Envelope Closure, Soft Smooth Cool Breathable Pillowcases for Home Hotel Quality Premium Pillow Inserts (36x20 inch, Paisley Drops Blue)",1199,399,4.1,789,
"Cloth Fusion Satin Pillow Cover Set of 2 for Hair and Skin with 3 Satin Soft Scrunchies for Women, Satin Pillow Cases with Envelope Closure End (17""X27"" Inches, Navy)",799,299,3.7,10,50+ bought in past month
"RRC Super Soft Brushed Microfiber Cotton Pillow Covers,Set of 2 ((Total 4 Pcs) Pillow Covers,17X27(Inches) 43X68(CM) Printed Pillow Covers,Flange on Edges Pillow Covers",999,379,4.1,2055,
"LINENWALAS 100% Cotton Percale Large Standard Pillow Case Set of 2, Crisp and Cooling Premium Cotton Bed Pillow Covers (20X30 inch, White)",900,269,4.4,77,50+ bought in past month
VAS COLLECTIONS 10 Pcs Cotton Pillow Cover Set (5 Pairs) | 180 TC Supersoft Brushed Microfiber - Breathable & Wrinkle Free - 10 Pcs Set | Blue & Coffee,799,449,4.1,77,50+ bought in past month
Enchant Home Pure Cotton Plain Percale Pillow Covers 200 Thread Count 17 X 27 Inches Pack of 6 (White),1549,901,4.2,59,
Huesland by Ahmedabad Cotton 144 TC Cotton Pillow Cover Set of 2 - Yellow & Grey,599,279,4.5,8,
BHUMLO Satin Silk Pillow Covers for Hair | Satin Pillow Covers for Hair and Skin 2Pack | Silk Pillow Case (Dark Rose),999,299,4.4,69,100+ bought in past month
"CCWB Pillow Covers Set of 2 Egyptian Cotton 600 Thread Count Softest Long Staple 100% Cotton Hotel Quality (Blush/Peach, King)",1000,789,4.2,731,
"BSB HOME Super Soft Microfiber Cotton Printed Pillow Covers Set of 6-18"" x 28"" Inches, Printed Pillow Covers (Multicolour, Grey Blue & Yellow AllSeason)",1199,299,3.9,97,200+ bought in past month
"TRANQUILORD Pack of 2 Cotton Queen Pillow Cases, Super Soft Pillowcases with Envelope Closure, Wrinkle, Fade and Stain Resistant Pillow Covers, 20x30 inch (Chocolate/Brown)",999,249,3.9,15,
VAS COLLECTIONS 2 Pcs Cotton Pillow Cover Set | 180 TC Supersoft Brushed Cotton - Breathable & Wrinkle Free - 2 Pcs Set | Pink & Green,399,149,3.9,249,50+ bought in past month
"Coolbeds Satin Silk Pillow Covers for Hair and Skin |Satin Pillow Covers for Hair and Skin 2Pack |Silk scrunchies for Women 3Pack|Silk Pillow Case (Rose Taupe), 400 TC",1699,499,4.3,5926,400+ bought in past month
"VAS Collections Cotton Pillow Cover/Case Set (2 Pcs) - 18"" x 28 inches, Pink&Grey",399,149,3.7,15,
"Ambra Linen 200TC Premium Luxury Pillow Cover Set, Solid Design, Soft & Smooth, 100% Cotton Pillow Cover, Compatible with All Bedding Styles, Pillow Cover Set of 2, for All-Season use (Peach)",599,349,3.9,29,
"MY ARMOR Premium Satin Silk Pillow Covers for Hair and Skin for Women - 20"" x 30"" Silk Pillow Cases (Pack of 2) - Grey",1699,531,4.3,221,
"Linenwalas 100% Cotton Pillowcase, Set of 2 Pillowcover, Soft, Luxury Standard Size Pillow Covers with Envelope Closure, 210TC Breathable Hotel Quality Pillowcover (17x27 Inches/Beige)",499,279,4.3,20,
"Trance Home Linen 16 inch X 12 inch 100% Cotton Baby/Kids Pillow Covers | Soft & Skin Friendly Pillow Cases | Extra Small Size [NOT Pillows] Covers only (Small Size | 16x12 inch, Rose Pink)- Set of 2",559,289,3.8,150,
"GLUN® Satin Silk Pillow Covers with 3 Pieces Silk Scrunchies for Women Hair, Envelope Closure Type Covers Shiny Black Colour Pack of 2",299,279,5,2,
"The White Willow Organic Stitched Bamboo Fabric Pillow Case 10"" W X 30"" L, Washable, Removable Zippered Pillow Cover Only, Fits Half Body Pillow- Green",599,299,4.4,243,
"Nugget 220 TC Premium Solid Mix Match Cotton Pillow Covers Set of 4 Piece, 18""x28"" (Black White)",,299,4.3,6,
"Trance Home Linen 16 inch X 12 inch 100% Cotton Baby/Kids Pillow Covers | Soft & Skin Friendly Pillow Cases | Extra Small Size [NOT Pillows] Covers only (Small Size | 16x12 inch, Lilac Purple)- Set of 2",559,289,3.8,150,
FURBO Mulberry Silk Pillow Cover Solid Pillow Cases For Hair And Skin Anti Aging Anti Hair Fall Anti Acne Hypoallergenic 22 Momme 6A Grade 600 Thread Count 70 X 40.6 Cm Pack Of 1 Charcoal Grey,3100,"1,470",4.5,472,
Kuber Industries Pillow Cover | Cotton Pillow Cover Set | Cushion Pillow Cover Set | Pillow Cover Set for Bedroom | Lining Embroidery Pillow Cover Set | 4 Piece Set | Beige,1299,575,3.9,3,
"Airwill 100% Cotton Geometric Pattern Flap Pillow Covers (46x69cm)(Black, Pack of 2 Pieces)",599,300,5,3,
Soniasaa Prime Collection 215 TC Soft Cotton-Blend Pillow Covers 2 Pieces 17 x27 Inches(Standard Size) for Home and Hotel use Model A-0429,2580,180,3.4,4,
"Airwill 100% Cotton Geometric Pattern Flap Pillow Covers (46x69cm)(Black, Pack of 2 Pieces)",599,313,4.8,6,
LIBEA Satin Pillow Covers Pack of 2 Feels Like Mother's Lap| for Both Hair and Skin | Controls Hair Fall |Helps in Preventing Acne 3 Scrunchies Free Used by Both Male & Female (Navy Blue),999,185,4.3,26,
Huesland by Ahmedabad Cotton 186 TC Cotton Pillow Covers Set of 2 - White & Browns,699,299,5,2,
"THE WOOD WHITE Soft Premium Brushed Microfiber Printed 250 Tc Pillow Covers Set of 2. 16 X 24 Inch Pillow Cases for Bed, Blue",999,299,4.2,17,
"Stoa Paris Chocolate Satin Pillow Covers, Quick Dry Fabric Pillow Cover Set from Date Night Collection, Gift for Couples & Weddings",649,599,4.3,51,
"Cotton Candy: 100% Cotton Pillow Covers 18"" x 28"" Inch (46 x 72 CM), Traditional Damask Printed on 200TC Soft Breathable Cotton, Regular Size Pillow Cover Pack/Set of 2 - Beige",1200,428,4,217,
"BSB HOME Cotton 6 Piece Cotton Pillow Cover Set - 20""x30"", White and Yellow",899,299,3.3,217,50+ bought in past month
"Enchant Home Pure Cotton 210 Thread Count Pillow Covers Bag Type with Satin Stripe 17"" X 27"" Inches - Pack of 6 (White)",1499,800,3.4,13,
"VAS COLLECTIONS® 105 TC Premium Cotton King Size Printed Design Pillow Cover -18""X28"" Inches,Set of 2 Pieces (Blue & Grey)",399,149,3.6,321,
"Kuber Industries Cotton Luxurious Satin Striped Standard Pillow Cover Set-17""x27"" (Light Brown) - CTKTC40325, 6 Pieces, 200TC",599,282,4.3,14,
"VAS Collections Cotton Pillow Cover/Case Set (2 Pcs) - 18"" x 28 inches, Beige&Grey",399,149,3.8,15,
Huesland by Ahmedabad Cotton 186 TC Cotton Pillow Cover Set of 2 - White & Grey,699,299,5,1,
"400 Thread Count- Pinch Pleated Dual-Tone Pillow Covers- Luxurious White Corner Ruffle Edges- Exquisite Design Pillow Cases Set of 2 Piece- 100% Cotton Finish-White/White Solid, (12"" x 16"")",1519,499,3.3,13,
"AVI Pure Cotton 144 TC Solid Pillow Cover, Set of 2 Pillow Covers, Normal Size Pillowcase, Pillow Covers with Envelope Closure, (16x24 inch, White)",650,257,3.8,88,
"BSB HOME® Present Designer Printed 6 Piece 100% Pure Cotton Pillow Cover Set- 20"" X30"" Inches, (Multicolor, Dark Blue & Light Blue)",999,299,4,2,
"VAS Collections Cotton Pillow Cover/Case Set (2 Pcs) - 18"" x 28 inches, Blue&Cream",399,149,3.3,18,
"SILVR BEAR Premium Satin Pillow Covers + 3 Scrunchies | Aesthetic Pillowcase - Standard - 18 x 27 inches | Great for Hair and Skin | Combo Pack (Pearl White, Satin)",999,499,4.6,199,
Huesland by Ahmedabad Cotton 186 TC Kids Cotton Pillow Cover Set of 2 - Mint Green & White,699,299,5,2,
"VAS COLLECTIONS 180 TC Cotton King Size Pillow Covers/Cases with Zig-Zag Stitching,Set of 2 pcs (20X30 inches) (Brown & Blue)",399,149,3.6,84,
"Kuber Industries Embroidery Pattern Breathable & Soft Cotton Pillow Cover for Sofa, Couch, Bed, Set of 2 (Yellow) 54KM4116",899,390,4,19,
MOM CARE Mustard Seed Rai Pilllow Cover That Fits All Mom Care Baby Pillows Only Pillow Cover Without Inside Pillow (Pack of 1) Beige,500,233,4.1,2795,
"Kuber Industries Embroided Design 2 Piece Cotton Pillow Cover Set-17""x27"" (Blue) Luxury Pillow Covers - CTKTC040264, 200 TC",299,294,3.9,33,
"VAS Collections Cotton Pillow Cover/Case Set (2 Pcs) - 18"" x 28 inches, Grey&Orange",399,149,3.9,9,
Enchant Home Pure Cotton Plain Percale Pillow Covers 120 Thread Count 17 X 27 Inches Pack of 2 (White),499,284,4,4,
Rj Products™ Solid Pillow Covers Set of 6 Piece King Size (White_6),999,499,4,290,
"Kuber Industries Luxurious Satin Striped Pillow Cover|Premium Cotton Fabric|Size 67 x 42.5 CM, Pack of 4 (Grey), 200 TC",499,494,3.9,250,
"BSB HOME 100% Cotton Super Soft Designer Printed 2 Piece Pillow Covers for All Season 20"" X 30"" Inches (Blue and Sky Blue)",399,129,3.6,13,
HUESLAND by Ahmedabad Cotton Luxurious Striped 2 Piece Cotton Pillow Case Cover Set - 18 inch x 27 inch,599,299,3.9,1036,
"Huesland by Ahmedabad Cotton Comfort 144 TC Cotton 17""x27"" 2 Pillow Covers - Grey and Yellow",599,279,3.8,85,
Kuber Industries Pillow Cover | Cotton Pillow Cover | Pillow Cover for Bedroom | Pleated Frill Border Long Crush Pillow Cover | Set of 2 | 20x30 Inch | Maroon,899,391,3.8,22,
RajasthaniKart Cotton 144TC Pillow Cover (Standard_Red),299,195,3.6,240,
"Linenwalas Classic 5 Star Pillow with Pillow Covers, Set of 2 Standard Size Pillow and Pillowcase, Pillow Covers with Envelope Closure in White Stripes",1500,999,3.7,835,
"DECOR2ADMIRE 300 TC Cotton Plain Satin Stripe King Size Ultra Soft Pillow Covers Or Cases for Home/Hotel/PG Room (20 Inches x 30 Inches) (White, Set of 2)",949,379,3.9,10,
Supreme Home Collective Beautiful Microfiber Printed Pillow Cover- 16x26 in inches (Pack of 2 Pcs),999,199,3.3,8,
"VAS Collections 180 TC Cotton King Size Pillow Covers/Cases with Zig-Zag Stitching,Set of 2 pcs (20X30 inches) (Cream)",399,149,4,280,
"Huesland by Ahmedabad Cotton 186 TC Cotton Pillow Cover Set of 2 - White, Blue & Beige",699,299,5,1,
"Airwill 100% Cotton Checkered Pattern Flap Pillow Covers (46x69cm)(Black, Pack of 2 Pieces)",599,309,4.6,9,
"Voggle 260 TC Cotton Solid Plain Color Pillow Cover Combo Set 4 Piece, 18""x27"" (Solid Black)",999,297,4,83,
"Trance Home Linen 16 inch X 12 inch 100% Cotton Baby/Kids Pillow Covers | Soft & Skin Friendly Pillow Cases | Extra Small Size [NOT Pillows] Covers only (Small Size | 16x12 inch, Beige)- Set of 2",559,289,3.8,150,
"Tishnagi Designer Body Pillow Cover 18""x 54"" with Invisible Zipper Closure Long Navy Blue Pillowcase(Cover Only, Set of 1)",1399,399,4.5,8,
"Trance Home Linen 100% Cotton 400TC Satin Premium Pillow Covers | Skin & Hair Friendly Pillow Covers | Set of 2 Pillow Cases |Standard Size (18 x 28 inch, White)",799,521,4.3,71,
"Linenwalas 100% Cotton Pillowcase, Set of 2 Pillowcover, Soft, Luxury Standard Size Pillow Covers with Envelope Closure, 210TC Breathable Hotel Quality Pillowcover (17x27 Inches/Steel Grey)",499,284,4,19,
"VAS Collections Cotton Pillow Cover/Case Set (2 Pcs) - 18"" x 28 inches, Green&Red",399,149,4.5,10,
The White Willow Memory Foam Decorative Square Cushion Pillow Cover Only 16 Inch X 16 Inch - Grey,999,299,5,4,
"Filbert Set of - 2 Microfiber Decorative Pinch Pillow Cover, Well Designed Pinch Pleated Pattern, (18""x28"" Inches), Beige",960,480,3.9,40,
Indian Kingdom 2 Piece Sage Green Pillow Cover 450-TC Pure-Cotton Pillow Cover Extra Soft Fabric [16''x26''] Inches,980.89,569,4.3,41,
"Huesland by Ahmedabad Cotton 186 TC Cotton Pillow Cover Set of 2 - Purple, Pink & Blue",699,299,,,
Kuber Industries Strips Print Breathable & Soft Cotton Pillow Cover for Sofa Couch Bed Set of 2 (Red) 54KM4125,699,278,4,19,
"LINENWALAS Cotton 400 TC Pillow Cover, Set of 2 Pillowcovers in White, Standard Size Pillowcase, Pillow Covers with Envelope Closure (17x27 Inch, White)",600,279,3.7,1717,
"CCWB Cotton 750TC Pillow Covers, Small - 16 x 25 Inches, Sky Blue, 2 Pieces",1299,589,4.2,797,
"Nugget 220 TC Premium Solid Cotton Pillow Cover Set of 2 Piece, 18""x27"" (Solid Baby Pink)",,197,3.8,41,
Mahaveer Cotton Pillow Covers/Pillow Case/Set of 2 Egyptian Cotton -Light Blue Solid_17 X 27 Inch,,299,4.5,44,
Kuber Industries Disney Team Mickey Pillow Cover | Silk Pillow Cover | Soft Pillow Cover | Luxurious Pillow Cover For Home | Set of 2 | 16x24 Inch | Royal Blue,699,293,4.6,3,
Swayam Drape and Dream Cotton 2 Piece Pillow Cover Set - Turquoise (PC02-2008),1099,743,4.1,148,
"Ambra Linen Premium Luxury Silky Soft Sateen Pillow Cover, Solid Color,Silk Like Soft, Skin Friendly, Compatible with All Bedding Styles, Set of 2 Covers for All-Season use(Dark Mauve)",599,399,3.5,14,
"CASA-NEST Premium Cotton Stripes Cotton King Size Pillow Cover, Size=18x27 Inch,Bed Pillow, Pink Color,One Pair (2 pcs)",599,359,5,3,
"VAS COLLECTIONS® 160 TC Cotton Standard Size Pillow Cover Combo-20X30 Inches,Set of 4 (Black & Red)",999,259,4,125,
Huesland by Ahmedabad Cotton 186 TC Cotton Pillow Covers Set of 2 - Mulberry,699,299,3,1,
Kuber Industries Disney Mickey Pillow Cover | Silk Pillow Cover | Soft Pillow Cover | Luxurious Pillow Cover For Home | Set of 2 | 16x24 Inch | Black,699,308,4.6,5,
Pilovilo Set of 2 Pillow Covers 100% Cotton White with Red Floral Print Large Size Pillow Cases (Red Garden Pillow Covers Set of 2) (White Floral Red),800,650,3.7,9,
Bombay Dyeing Vibgyor 100% Cotton 200 GSM Pillow Cover (Set of 02) Multicolor. (D6931),449,350,5,6,
"LINENWALAS 100% Vegan Bamboo Silk Pillowcover, Set of 2 Natural Soft and Light-Weight Pillow Cover, Best for Hair and Delicate Skin, Breathable, Set of 2 (King,Charcoal Grey)",1000,499,3.5,58,
"Kuber Industries 4 Pieces Cotton Luxurious Satin Striped Pillow Cover Set-17""x27"" (Brown) - CTKTC40342",499,494,3.8,48,
"The White Willow Soft Fabric Pillow Case 15"" L x 13"" W x 4.3"" H, Washable, Removable Zippered Pillow Cover Only - Green",599,299,4.2,1165,
Kuber Industries Set of 4 Check Design Soft & Smooth Cotton Pillow Cover 18 x 28 inch (Pink) (HS_37_KUBMART020221),599,590,4.8,8,
"Khooti Two-Sided Decorative Velvet Square Cushion Cover Throw Pillow Cover for Living Room Couch Diwan Single Seater Sofa, Colourful Modern 24 x 24 Inches / 61 x 61 cm (Colour - Red)(Set of 1 Piece)",551,375,3.8,8937,
Kuber Industries Pillow Cover | Cotton Pillow Cover Set | Cushion Pillow Cover Set | Pillow Cover Set for Bedroom | Lining Embroidery Pillow Cover Set | 4 Piece Set | Dark Pink,1299,575,4,1,
"VAS Collections Cotton Pillow Cover/Case Set (2 Pcs) - 18"" x 28 inches, Grey&White",399,149,4.6,6,
"Airwill 100% Cotton Checkered Pattern Flap Pillow Covers (46x69cm)(Green, Pack of 2 Pieces)",599,357,3.7,6,
"Linenwalas Pillow Cover Set of 2 in Stripe Beige, Pillow Covers with Envelope Closure, 2 Piece Pillowcase in Standard Size (17"" X 27"") - Stripes Beige",500,250,3.1,43,
"SoftSouls Pillow Cover/Cases Set of 2 16x24 Inches 400TC 100% Organic Cotton - Light Blue Colour Soft & Durable, Envelop Closure Design, Super Soft, Matching All Bed",1200,299,5,4,
"Wooden Comb & Satin Hair Accessories for Women | 3 Months Warranty | with 2 Pillow Cover, 3 Scrunchies & 1 Kachi Neem Comb | Satin Silk Pillow Covers for Hair and Skin",999,339,4.6,210,
"Oussum Satin Pillow case Soft & Comfortable Silk Pillowcase Solid Pillow Cover Single Pcs with Free Scrunchi (Flax Yellow, Lumbar Size (16""x24""))",549,199,3.7,235,
9villa Pillow Cover | Cotton Satin Stripe Pillow Covers/Cases Set of 2 Pc Size 18 x 28 Inch (Maroon),499,149,5,1,
"CCWB Body Pillow Covers Egyptian Cotton 600 Thread Count Set of 2 Softest Long Staple 100% Cotton Hotel Quality (White Striped, Body Pillow Cover- 21 x 54)",1299,950,4.3,26,
"RJ Products™ Plain Solid King Size Pillow Cover Set of 2 Piece 18 X 28 inch, Microfiber Coffee Color",499,269,3.8,202,
"Linenwalas 100% Cotton Pillowcase, Set of 2 Pillowcover, Soft, Luxury Standard Size Pillow Covers with Envelope Closure, 210TC Breathable Hotel Quality Pillowcover (17x27 Inches/Bahamas Blue)",499,299,4.3,7,
"100% Egyptian Cotton 2 Piece (1 Pair) Pillow Cover Set,400 TC - Long Staple Hotel Quality Pillow Cover- Envelope Closure Pillow Cover- Hair & Skin Friendly-Black Stripe,Standard Size (16"" x 24"")",467,268,4,2,
RJ Products™ Plain Solid Pillow Covers King Size Set of 4 (Liht Grey),999,399,3.8,493,
RajasthaniKart 100% Cotton Pillow Cover (Set of 2) - MultoColor,299,245,3.1,9,
"Kuber Industries Embroided Design 2 Piece Cotton Pillow Cover Set-17""x27"" (Pink) Luxury Pillow Covers - CTKTC040282",299,294,4.2,17,
"DPK Satin 600 TC Pillow Cover, Takiya Cover, Standard-18.9 X 29 Inch, Navy Blue, 2 Pieces Silky Satin Silk, Soft, Comfortable Satin Standard Pillow case/Cover for Home Decor",599,259,3.2,131,
"THE LINEN COMPANY Cotton 300 TC Flange Pillow Cover Set Pack of 2 (20"" x 36"", Wine Flower)",1399,699,3.9,13,
Kuber Industries Pillow Cover | Cotton Pillow Cover Set | Cushion Pillow Cover Set | Pillow Cover Set for Bedroom | Lining Embroidery Pillow Cover Set | 4 Piece Set | Parrot Green,1299,575,,,
"bien LIVING 100% Cotton Pillow Cover Pack of 6 (Grey, Lilac, Flamingo Pink)",3499,"1,699",,,
bien LIVING 100% Cotton Pillow Cover Pack of 6 (White),3499,"1,699",,,
"AIRWILL 100% Cotton Floral Pattern Flap Pillow Covers (46x69cm)(Red, Green, Yellow, Pack of 2 Pieces)",599,312,,,
"BELONG 400 TC 100% Organic Cotton Plain White Set of 2 Standard Premium Pillow Covers for Hotel, Guest House & B&B (Plain White,18x28 inch)",,899,,,
"Kuber Industries Embroided Design 4 Piece Cotton Pillow Cover Set -17""x27"" (White) Luxury Pillow Covers - CTKTC040272",499,494,3.7,93,
"Kuber Industries Flower 2 Piece Cotton Pillow Cover Set with Frill Flange (17"" x 26"", White)",698,294,3.3,45,
Spread Spain Oxford Cotton 400 Thread Count 1 pc Large Throw Pillows Cover 22 x 34 Inches for Bed and Couch Decorative Pillow Insert Geometric Pattern - White,1095,986,3.9,19,
Atrube Satin Bonnet for Curly Hair with Free Silk Satin Pillow Covers and Scrunchies | Silk Bonnet for Hair|Best Gift Combo of Pack of 2 Satin Pillowcases with 3 Silk Scrunchies Adjustable HairCap,1299,369,4.3,63,100+ bought in past month
"Voggle 260 TC Premium Printed Cotton Pillow Cover Combo Set 4 Piece, 18""x27"" (Blue Hearts)",999,297,3.7,48,
Huesland by Ahmedabad Cotton 186 TC Kids Cotton Pillow Cover Set of 2 - Powder Blue & White,699,299,5,2,
"DURADECOR Arena,Pillow Cover 100% Cotton,200 TC(Design -Dura4266)|Cotton Pillow Cover Set of 2- (28 X 18 Inch) (Purple)",499,249,,,
Kuber Industries Disney Mickey Pillow Cover | Silk Pillow Cover | Soft Pillow Cover | Luxurious Pillow Cover For Home | Set of 2 | 16x24 Inch | Red,699,308,4.6,5,
"Kuber Industries Cotton Luxurious Satin Striped Pillow Cover Set-17""x27"" (Light Brown) - CTKTC40323, Standard, 4 Pieces, 200TC",299,286,3.6,16,
"SEEVO 400 TC Luxurious Satin Silk Pillow Covers/Pillowcases with Envelope Closure, Soft Comfortable Protects Hair and Skin - 17 inch x 27 inch - Set of 2 with 3 Satin Schrunchies (Dark Green)",1598,799,4.2,179,
"RRB TEXTILE Floral Design Zig Zag Stitching King Size Set of 2 Glace Cotton Pillow Covers/Pillow Case-20 x 30 Inches, 50 cm x 75 cm",499,170,3.8,31,
Swayam Drape and Dream Cotton 2 Piece Pillow Cover Set - Maroon (PC02-3002),999,645,3.9,14,
"Airwill 100% Cotton Checkered Pattern Flap Pillow Covers (46x69cm)(Pink, Pack of 2 Pieces)",599,322,5,2,
"Airwill 100% Cotton Printed Pattern Flap Pillow Covers (46x69cm)(Black, White, Pack of 2 Pieces)",599,306,3.3,11,
"Amazon Brand - Umi Satin Silk Pillow Covers for Hair and Skin | Satin Pillow Covers for Hair and Skin Pack of 2 Covers | Silk scrunchies for Women 3 Pieces | Silk Pillow Case, 400 TC (Cream)",999,299,5,1,
"Kuber Industries Disney Mickey Print Silk Special Long Crush Pillow Cover- Set of 2, Black-KUBMART0180, Standard",799,413,3.2,21,
HUESLAND by Ahmedabad Cotton Sateen Striped 220TC Cotton Standard 2 Pillow Covers - White,599,279,3.6,878,
Swayam Drape and Dream Printed Cotton 2 Piece Pillow Cover Set - Pink (PC02-1428),999,745,3.7,3,
Kuber Industries Pillow Cover | Cotton Pillow Cover Set | Cushion Pillow Cover Set | Pillow Cover Set for Bedroom | Lining Embroidery Pillow Cover Set | 4 Piece Set | Purple,1299,533,,,
"Kuber Industries Lining Design Breathable & Soft Cotton Pillow Cover/Protector/Case- 18x28 Inch, Set of 2 (Black)-HS43KUBMART26773, Standard",299,298,4,24,
Kuber Industries Pillow Cover | Cotton Pillow Cover | Pillow Cover for Bedroom | Cushion Pillow Cover for Living Room | Plain Border Pillow Cover Set | Set of 4 | Multicolor,1899,827,,,
Kuber Industries Pillow Cover | Cotton Pillow Cover Set | Cushion Pillow Cover Set | Premium Pillow Cover Set for Bedroom | Lining Frill Pillow Cover Set | 4 Piece Set | Multi,1299,576,3.8,8,
Kuber Industries Pillow Cover | Cotton Pillow Cover | Striped Pattern Pillow Cover | Soft Pillow Cover for Home | Pillow Cover | Set of 2 | Gray,999,249,,,
Kuber Industries Pillow Cover | Cotton Pillow Cover Set | Cushion Pillow Cover Set | Pillow Cover Set for Bedroom | Lining Embroidery Pillow Cover Set | 6 Piece Set | Dark Pink,1899,827,5,1,
Amazon Brand - Solimo Dual Side Memory Foam Pillow with Pillow Cover,2000,749,3.5,35,
"VAS COLLECTIONS Cotton Pillow Cover/Case Set (2 Pcs) - 18"" x 28 inches, Silver&Beige",399,229,3.1,28,
"Amazon Brand - Solimo Memory Foam Pillow with Pillow Cover, Standard",2100,899,3.3,23,
"Airwill 100% Cotton Plain Pattern Flap Pillow Covers (46x69cm)(Orange, Pack of 2 Pieces)",499,321,5,1,
"HOMEMONDE 20 x 30 Inch Pillow Covers for Bedding Pillows Printed Cotton Pillow Case 210 TC, Pack of 1, Aqua Blue",599,299,4.3,13,
"Kuber Industries Check Design Premium Cotton Pillow Covers, 18 x 28 inch, Set of 4 (Pink)",599,590,4.6,3,
"Airwill 100% Cotton Checkered Pattern Flap Pillow Covers (46x69cm)(Red, Yellow, Pack of 2 Pieces)",599,299,4.3,3,
"Kuber Industries Embroidery Design 6 Piece Cotton Pillow Cover Set-17""x27"" (Pink) Luxury Pillow Covers - CTKTC040286",749,740,4.2,17,
Swayam 240 TC Kids Pillow Cover Set 1 | Digitally Printed | Cartoon Print | Soft Feel| Adorable Design | Skin Friendly | Size -70 cm x 45 cm | Blue,599,417,3.8,2,
"BALAJI EXPORT Rajai Cover Set of 3PCs-1 Piece Half Ruffle Style Blanket/Duvet Cover (Zipper Closure) and 2 Piece Pillow Cover, 600 Thread Count, 100% Egyptian Cotton-Dark Grey Solid,3 by 6 Feet Size.",5649,"3,849",,,
Swayam 240 TC Kids Pillow Cover Set 1 | Digitally Printed | Cartoon Print | Soft Feel| Adorable Design | Skin Friendly | Size -70 cm x 45 cm | Blue,599,417,3.2,5,
"Stoa Paris Pillow Covers Set of 6,Pure Cotton Pillowcase Sets, Combo of Green & Violet, Solid Colour Covers for Pillows, Home Décor Plain Pillowcovers, 2 Standard Pillowcases (18 x 27 inches)",649,529,3.7,6,
"Huesland by Ahmedabad Cotton 186 TC Cotton Pillow Covers Set of 2 - Green Ochre, Grey & Mulberry",699,299,,,
"Amazon Brand - Solimo Thin Memory Foam 50 TC Pillow with Pillow Cover, 70 x 50 X 10 cm, Queen, White",2200,959,3.2,22,
"CASA-NEST Premium Cotton Stripes Cotton King Size Pillow Cover, Size=18x27 Inch,Bed Pillow, Blue Color,One Pair (2 pcs)",599,359,4.6,3,
"Stoa Paris Harbour Mist Grey Satin Pillow Covers, Quick Dry Fabric Pillow Cover Set from Date Night Collection, Gift for Couples & Weddings",649,599,4.3,51,
Kuber Industries 2 Piece Cotton Pillow Cover Set-18 x27 (Black) Luxury Pillow Covers-KUBMART03196_KUBMART03196,349,343,3.8,5,
"Naksh Cotton 210 TC Plain Pillow Covers Set of 2, Silver Pillow Cover |Sleep Pillow Covers (18 in x 27 in) |Soft Pillows Covers Cotton for Big Pillows",649,338,3.9,17,
"Bhoomi Impex Little Head Sleepy Toddler Pillowcase- Pack of 2 Flannel Cotton Pillow Case Fits Pillows Sized 12""x16""or13 X18 or14 X19 for Kids Bedding Pillow Cover Baby Pillowcase Queen Poppy Trolls",380,199,,,
"Amazon Brand - Solimo Contour Memory Foam 50 TC Pillow with Pillow Cover, Small, 45 x 28 x 8 cm, White, 2 Pieces",1700,699,3.3,29,
"BELONG Plain 300 TC 2 Piece 100% Pure Organic Cotton Pillow Cover Set Smooth and Supersoft Pillow Covers - 18"" X 28"" Inches (Brown)",,799,,,
"Kuber Industries 2 Pieces Cotton Luxurious Satin Striped Pillow Cover Set-17""x27"" (Black) - CTKTC40333, 200 TC",1399,686,3.2,9,
Homestic Disney Team Mickey Pillow Cover | Silk Pillow Cover | Soft Pillow Cover | Luxurious Pillow Cover for Home | Set of 4 | 16x24 Inch | Royal Blue,,629,,,
"Airwill 100% Cotton Checkered Pattern Flap Pillow Covers (46x69cm)(Yellow, Pack of 2 Pieces)",599,319,,,
"Kuber Industries 2 Piece Cotton Pillow Cover Set-18""x27"" (Black) Luxury Pillow Covers-KUBMART03195",349,343,4.5,2,
"Airwill 100% Cotton Checkered Pattern Flap Pillow Covers (46x69cm)(Blue, Pack of 2 Pieces)",599,385,4.6,2,
Pilovilo Set of 2 Pillow Covers 100% Cotton Light Blue with Leaf Pattern Large Size Pillow Cases (Blue Mesh Pillow Covers Set of 2),750,600,2.9,2,
Sleepy Threads Cotton Deep Blue and White Tie Dye 27×18 Inch Pillow Cover with Wooden Button Closure I Handmade Shibori Pillow Covers I Indigo Tie Dye I 1 Piece,1999,449,,,
"DDECOR - 210TC 2 Pillow Cover - Purple (46 cm X 68 cm, 18IN X 27IN), Cotton",549,439,5,1,
Kuber Industries Pillow Cover | Cotton Pillow Cover | Striped Pattern Pillow Cover | Soft Pillow Cover for Home | Pillow Cover Set of 2 | Cream,999,249,,,
Indian Kingdom 2 Piece Sage Green Pillow Cover 450-TC Pure-Cotton Pillow Cover Extra Soft Fabric [16''x26''] Inches,980.89,569,4.3,41,
Home Centre Sapphire Set of 2 Pillow Covers - 45x70cm,699,404,,,
"Oussum Satin Pillow case Soft & Comfortable Silk Pillowcase Solid Pillow Cover Single Pcs with Free Scrunchi (Flax Yellow, Lumbar Size (16""x24""))",549,199,3.7,235,
"Trance Home Linen 100% Cotton 400TC Satin Striped Premium Pillow Covers | Skin & Hair Friendly Pillow Covers | Set of 2 Pillow Cases | Standard Size (18 x 28 inch, White Stripes)",599,474,4,10,
"bien LIVING 100% Cotton Pillow Cover Set of 3_P (Standard, Seafoam Green)",3499,"2,599",,,
RJ Products™ Plain Solid Pillow Covers King Size Set of 4 (Liht Grey),999,399,3.8,493,
"SchaleSaius Prime Collection 290 TC Soft Satin Striped Pillow Covers 2 Pieces 18 x28 Inches(Standard Size) for Home,Hospital and Hotel use",3150,299,,,
Home Elite Luxurious Sateen Striped Pillow Cover/Case Set (4 Pcs) 210 Thread Count - White,699,329,4.2,67,
1011 (Ten Eleven) Pure 100% Cotton Printed Jaipuri Collection Black 2 Pillow Covers,399,299,4.6,3,
"Scorchers 100% Cotton 400TC Satin Striped Premium Pillow Covers | Skin & Hair Friendly Pillow Covers | Set of 2 Pillow Cases | Standard Size (18 x 28 inch, Grey)",599,279,4,4,
9villa Pillow Cover | Cotton Satin Stripe Pillow Covers/Cases Set of 2 Pc Size 18 x 28 Inch (Maroon),499,149,5,1,
"HONEYFEEL Alaria Cotton 510TC Pillow Cover, 21X36 inch, White, 2 Pcs",1999,549,3.9,43,
"Stoa Paris Satin Pillow Covers Set, Aesthetic Home Décor Pillowcovers, Warm Pillow Cases for Winter, Wedding Gift for Couples, 2 Soft Sateen Pillowcases for Hair 18x27 (Blushing Pink)",499,449,4.1,67,
Supreme Home Collective Beautiful Printed Microfiber Pillow Cover- Set of 4 (Multicolor) (White),599,377,,,
"Fun Homes Lining Design Cotton Pillow Cover- 18x28 Inch, Set of 4 (White)-HS43FUNH26780",999,679,4.3,4,
"NHD HOME 180 TC Premium Cotton Pillow Covers | Regular Pillow Cases | Set of 2 Pieces Pillow Covers only King Size (Maroon, 20x30 inches)",499,149,4,1,
"KANYOGA Eye Pillow | Lavender and Flaxseed Filled, Eye Pillow| Washable Outer Cotton Cover (Beige, L 21 X W 11 Cm, Pack Of 1)",549,379,4,17,
Mi Arcus Yellow Color Cotton Mother Contour Cotton Woven Pregnancy Pillow Cover| Maternity Pillow for Sleeping - Gingham,799,775,,,
Kuber Industries Set of 4 Check Design Soft & Smooth Cotton Pillow Cover 18 x 28 inch (Pink) (HS_37_KUBMART020221),599,590,4.8,8,
"DECOR2ADMIRE 300 TC Cotton Plain Satin Stripe King Size Ultra Soft Pillow Covers Or Cases for Home/Hotel/PG Room (20 Inches x 30 Inches) (White, Set of 2)",949,379,3.9,10,
"Linenwalas Classic 5 Star Pillow with Pillow Covers, Set of 2 Standard Size Pillow and Pillowcase, Pillow Covers with Envelope Closure in White Stripes",1500,999,3.7,835,
"KIHOME Beautiful Microfiber 144TC Printed Colorful Pillow Cover - (17x27 inch, Pink) Pack of 3, 144 GSM",599,289,3.3,13,
"Kuber Industries Disney Team Minnie Mickey Print Silk Special Long Crush Pillow Cover- Set of 3, Royal Blue & Pink-KUBMART10064",649,648,,,
Kuber Industries Pillow Cover | Cotton Pillow Cover Set | Cushion Pillow Cover Set | Pillow Cover Set for Bedroom | Lining Embroidery Pillow Cover Set | 6 Piece Set | Purple,1899,827,4,1,
"Airwill 100% Cotton Plain Pattern Flap Pillow Covers (46x69cm)(Blue, Pack of 2 Pieces)",499,357,,,
Fabindia Blue Nile Cotton Pillow Cover - 1 Pair,,699,,,
"VAS Collections Cotton Pillow Cover/Case Set (2 Pcs) - 18"" x 28 inches, Light Green&Yellow",399,149,4.5,4,
"HOUSE FOX Cotton Zip/Chain Pillow Covers / Cases / Protectors (NOT Pillow) Set of 3 Pair Or 6 Pcs ,Size -18x28inch ,Blue",1200,499,4,3,
Blue Night Bedding 450TC Cotton Light Weight Soft & Easy Care Pillow Cover (20 x 32) || Set of 2-Teal,1499,799,4.6,3,
Wytomah Stripes Pattern Satin Fabric Pillow Covers Set of 2 Size-18x28inch (Beige),698,199,3.8,27,
"Daksh Solid 300 TC 100% Cotton 2 Piece Pillow Cover, 20"" x 36"", Pink",700,343,3.2,41,
AMEYAA Microfiber Standard Size Pillow Covers Set of 2 Pcs 17 x 27 inch (Black Flower),999,223,3.4,4,
"Amazon Brand - Solimo Memory Foam Pillow With Pillow Cover, Queen, White",2100,"1,199",3.5,71,
"VAS Collections® 105 TC Premium Cotton King Size Printed Design Pillow Cover -18""X28"" Inches,Set of 2 Pieces (White & Grey)",399,149,3.8,18,
"Daksh Sateen Stripe 300 TC Cotton Pillow Cover, 17 x 27 inch, Pink, 2 Pieces",600,257,3.8,365,
"RRC Super Soft Brushed Microfiber Cotton Printed Pillow Covers,Pack of 2,17X27(Inches) 43X63(CM) Pilllow Covers",999,235,4,563,
Kuber Industries Pillow Cover | Cotton Pillow Cover | Striped Pattern Pillow Cover | Soft Pillow Cover for Home | Pillow Cover Set of 2 | Black,999,249,,,
"Exquisitely 400 Thread Count, Cool Checks Pillow Cover Pack of 2 PCS, Long-Staple 100% Egyptian Cotton, Soft and Comfortable Bed Pillow Cover-White/Navy Blue Solid,Standard Size (12 x 16)",1369,519,,,
OPTICA WEAVES Cotton King Size Pillow Covers/Cases Soft Pillow Covers with Printed Design 17 x 27 Inch Set of 2 Pieces (Brown_Floral),699,239,4.6,5,
"Golden Fabric Pillow Cover - Envelope Style, 18 X 28 Inches (Get 2 Pieces)",199,129,5,1,
AMEYAA Designer Premium Microfiber 210TC Standard Size Pillow Covers Set of 4 Pcs -17 x 27 inches (Blue N Rust),999,499,4.1,5,
Swayam 240 TC Kids Pillow Cover Set 1 | Digitally Printed | Cartoon Print | Soft Feel| Adorable Design | Skin Friendly | Size -70 cm x 45 cm | Green,599,445,3.4,20,
Shri Krishana Fabrics Cotton Pillow Cover Cotton Very Soft Fabric with Zipper at Back Set of 6 Piece (Multi Colour),799,415,5,1,
"DURADECOR Arena,Pillow Cover 100% Cotton,200 TC(Design-Dura4268)|Cotton Pillow Cover Set of 2- (28 X 18 Inch) (Pink)",499,249,,,
"AVI Super Classic 2 Piece Pillow with 2 Pillow Cover Set for 5 Star Hotel Feel, Golden (20 * 36in)",1800,"1,349",3.3,17,
"Shri Krishana Fabrics Embroidered 200 TC Cotton Pillow Covers Set of 6 Piece (Not Pillow) - 17 x27 Inches - (Multicolor, Standard Size)",599,415,4,1,
Shri Krishana Fabrics Embroidered Bolsters Cover (Set of 2) (Beige),599,275,4,19,
"Kihome Beautiful Printed Microfiber Pillow Cover- Set of 2 (17""x27"" inch)",999,249,3.9,4,
"VOMZER Premium 210 TC Cotton Printed Pillow Cover Set of 2 Pcs, for Home Decor - 18 x 28 inches (White Flower) (Cream Aqua Flower)",1299,229,,,
"Kuber Industries Breathable & Soft Cotton Pillow Cover for Sofa, Couch, Bed - 29x20 Inch, Set of 2 (Blue)",899,379,5,1,
The White Willow Memory Foam Decorative Square Cushion Pillow Cover Only 12 Inch X 12 Inch - Grey,999,299,5,7,
"SEEVO 400 TC Luxurious Satin Silk Pillow Covers/Pillowcases with Envelope Closure, Soft Comfortable Protects Hair and Skin - 16 inch x 24 inch - Pack of 1 with 3 Satin Schrunchies (Light Gold)",898,449,4.1,284,
"VOMZER Premium 300 TC Cotton Printed Pillow Cover Set of 2 Pcs, for Home Decor - 18 x 28 inches (White Lines)",1299,229,5,1,
"VAS COLLECTIONS® 105 TC Premium Cotton King Size Printed Design Pillow Cover -20""X30"" Inches,Set of 6 Pieces, Multicoloured,",999,379,,,
"100% Egyptian Cotton- 2 PC Cotton Pillow Cover- Envelope Closure Style- 300 TC Luxurious Sateen Weave Pillow Cases- Super Soft & Breathable-White Solid (16"" x 24"")",1200,250,3.9,2,